"Marca temporal","Puntuación total","Enter your experimental ID","Enter your experimental ID [Puntuación]","Enter your experimental ID [Comentarios]","Which is the percentage value of mag^2 for the state 0 (decimal)? (e.g., 32.7)","Which is the percentage value of mag^2 for the state 0 (decimal)? (e.g., 32.7) [Puntuación]","Which is the percentage value of mag^2 for the state 0 (decimal)? (e.g., 32.7) [Comentarios]","Which is the percentage value of mag^2 for the state 9 (decimal)? (e.g., 32.7)","Which is the percentage value of mag^2 for the state 9 (decimal)? (e.g., 32.7) [Puntuación]","Which is the percentage value of mag^2 for the state 9 (decimal)? (e.g., 32.7) [Comentarios]","Which is the percentage value of mag^2 for the state 13 (decimal)>? (e.g., 32.7)","Which is the percentage value of mag^2 for the state 13 (decimal)>? (e.g., 32.7) [Puntuación]","Which is the percentage value of mag^2 for the state 13 (decimal)>? (e.g., 32.7) [Comentarios]","Which is the percentage value of mag^2 for the state 42 (decimal)>? (e.g., 32.7)","Which is the percentage value of mag^2 for the state 42 (decimal)>? (e.g., 32.7) [Puntuación]","Which is the percentage value of mag^2 for the state 42 (decimal)>? (e.g., 32.7) [Comentarios]","Which is the percentage value of mag^2 for the state 64 (decimal)? (e.g., 32.7)","Which is the percentage value of mag^2 for the state 64 (decimal)? (e.g., 32.7) [Puntuación]","Which is the percentage value of mag^2 for the state 64 (decimal)? (e.g., 32.7) [Comentarios]","Which is the percentage value of mag^2 for the state 65 (decimal)? (e.g., 32.7)","Which is the percentage value of mag^2 for the state 65 (decimal)? (e.g., 32.7) [Puntuación]","Which is the percentage value of mag^2 for the state 65 (decimal)? (e.g., 32.7) [Comentarios]","Which is the percentage value of mag^2 for the state 89 (decimal)? (e.g., 32.7)","Which is the percentage value of mag^2 for the state 89 (decimal)? (e.g., 32.7) [Puntuación]","Which is the percentage value of mag^2 for the state 89 (decimal)? (e.g., 32.7) [Comentarios]","Which is the percentage value of mag^2 for the state 116 (decimal)? (e.g., 32.7)","Which is the percentage value of mag^2 for the state 116 (decimal)? (e.g., 32.7) [Puntuación]","Which is the percentage value of mag^2 for the state 116 (decimal)? (e.g., 32.7) [Comentarios]","Copy the code of the circuit created (Export button, then 'Copy to clipboard' under 'Escaped Link')","Copy the code of the circuit created (Export button, then 'Copy to clipboard' under 'Escaped Link') [Puntuación]","Copy the code of the circuit created (Export button, then 'Copy to clipboard' under 'Escaped Link') [Comentarios]"
"2024/05/21 1:19:43 p. m. EEST","6.00 / 8","Bari009","-- / 0","","50","1.00 / 1","","6.25","1.00 / 1","","6.25","1.00 / 1","","0","1.00 / 1","","0","0.00 / 1","","0","0.00 / 1","","0","1.00 / 1","","0","1.00 / 1","","https://algassert.com/quirk#circuit=%7B%22cols%22%3A%5B%5B1%2C1%2C1%2C1%2C1%2C1%2C%22H%22%5D%2C%5B1%2C%22%E2%80%A2%22%2C1%2C1%2C1%2C%22X%22%5D%2C%5B1%2C1%2C1%2C%22H%22%2C1%2C1%2C%22%E2%80%A2%22%5D%2C%5B%22H%22%2C1%2C1%2C%22%E2%80%A2%22%5D%2C%5B1%2C1%2C1%2C1%2C1%2C%22%E2%80%A2%22%2C%22Y%22%5D%2C%5B%22Y%22%2C1%2C1%2C1%2C1%2C1%2C%22%E2%80%A2%22%5D%2C%5B%22Swap%22%2C1%2C1%2C%22Swap%22%5D%2C%5B1%2C%22%E2%80%A2%22%2C1%2C%22Z%5E%C2%BD%22%5D%2C%5B1%2C1%2C1%2C%22Z%22%2C1%2C1%2C%22%E2%80%A2%22%5D%2C%5B1%2C1%2C1%2C%22Swap%22%2C1%2C1%2C%22Swap%22%5D%2C%5B%22%E2%80%A2%22%2C1%2C1%2C%22Z%5E%C2%BD%22%5D%2C%5B1%2C1%2C1%2C%22H%22%2C1%2C%22%E2%80%A2%22%5D%2C%5B%22%E2%80%A2%22%2C1%2C1%2C1%2C%22Z%22%5D%2C%5B1%2C1%2C%22H%22%2C%22%E2%80%A2%22%5D%5D%7D","-- / 0",""
"2024/05/21 1:26:28 p. m. EEST","8.00 / 8","Bari015","-- / 0","","50","1.00 / 1","","6.25","1.00 / 1","","6.25","1.00 / 1","","0","1.00 / 1","","25","1.00 / 1","","12.5","1.00 / 1","","0","1.00 / 1","","0","1.00 / 1","","https://algassert.com/quirk#circuit=%7B%22cols%22%3A%5B%5B1%2C1%2C1%2C1%2C1%2C1%2C%22H%22%5D%2C%5B1%2C%22%E2%80%A2%22%2C1%2C1%2C1%2C%22X%22%5D%2C%5B1%2C1%2C1%2C%22H%22%2C1%2C1%2C%22%E2%80%A2%22%5D%2C%5B%22H%22%2C1%2C1%2C%22%E2%80%A2%22%5D%2C%5B1%2C1%2C1%2C1%2C1%2C%22%E2%80%A2%22%2C%22Y%22%5D%2C%5B%22Y%22%2C1%2C1%2C1%2C1%2C1%2C%22%E2%80%A2%22%5D%2C%5B%22Swap%22%2C1%2C1%2C%22Swap%22%5D%2C%5B1%2C%22%E2%80%A2%22%2C1%2C%22Z%5E%C2%BD%22%5D%2C%5B1%2C1%2C1%2C%22Z%22%2C1%2C1%2C%22%E2%80%A2%22%5D%2C%5B1%2C1%2C1%2C%22%E2%80%A2%22%2C1%2C1%2C%22X%22%5D%2C%5B1%2C1%2C1%2C%22Swap%22%2C1%2C1%2C%22Swap%22%5D%2C%5B%22%E2%80%A2%22%2C1%2C1%2C%22Z%5E%C2%BD%22%5D%2C%5B1%2C1%2C1%2C%22H%22%2C1%2C%22%E2%80%A2%22%5D%2C%5B%22%E2%80%A2%22%2C1%2C1%2C1%2C%22Z%22%5D%2C%5B1%2C1%2C%22H%22%2C%22%E2%80%A2%22%5D%5D%7D","-- / 0",""
"2024/05/21 1:30:46 p. m. EEST","8.00 / 8","Bari007","-- / 0","","50","1.00 / 1","","6.25","1.00 / 1","","6.25","1.00 / 1","","0","1.00 / 1","","25","1.00 / 1","","12.5","1.00 / 1","","0","1.00 / 1","","0","1.00 / 1","","https://algassert.com/quirk#circuit=%7B%22cols%22%3A%5B%5B1%2C1%2C1%2C1%2C1%2C1%2C%22H%22%5D%2C%5B1%2C%22%E2%80%A2%22%2C1%2C1%2C1%2C%22X%22%5D%2C%5B1%2C1%2C1%2C%22H%22%2C1%2C1%2C%22%E2%80%A2%22%5D%2C%5B%22H%22%2C1%2C1%2C%22%E2%80%A2%22%5D%2C%5B1%2C1%2C1%2C1%2C1%2C%22%E2%80%A2%22%2C%22Y%22%5D%2C%5B%22Y%22%2C1%2C1%2C1%2C1%2C1%2C%22%E2%80%A2%22%5D%2C%5B%22Swap%22%2C1%2C1%2C%22Swap%22%5D%2C%5B1%2C%22%E2%80%A2%22%2C1%2C%22Z%5E%C2%BD%22%5D%2C%5B1%2C1%2C1%2C%22Z%22%2C1%2C1%2C%22%E2%80%A2%22%5D%2C%5B1%2C1%2C1%2C%22%E2%80%A2%22%2C1%2C1%2C%22X%22%5D%2C%5B1%2C1%2C1%2C%22Swap%22%2C1%2C1%2C%22Swap%22%5D%2C%5B%22%E2%80%A2%22%2C1%2C1%2C%22Z%5E%C2%BD%22%5D%2C%5B1%2C1%2C1%2C%22H%22%2C1%2C%22%E2%80%A2%22%5D%2C%5B%22%E2%80%A2%22%2C1%2C1%2C1%2C%22Z%22%5D%2C%5B1%2C1%2C%22H%22%2C%22%E2%80%A2%22%5D%5D%7D","-- / 0",""
"2024/05/21 1:30:46 p. m. EEST","8.00 / 8","Bari006","-- / 0","","50","1.00 / 1","","6.25","1.00 / 1","","6.25","1.00 / 1","","0","1.00 / 1","","25","1.00 / 1","","12.50","1.00 / 1","","0","1.00 / 1","","0","1.00 / 1","","https://algassert.com/quirk#circuit=%7B%22cols%22%3A%5B%5B1%2C1%2C1%2C1%2C1%2C1%2C%22H%22%5D%2C%5B1%2C%22%E2%80%A2%22%2C1%2C1%2C1%2C%22X%22%5D%2C%5B1%2C1%2C1%2C%22H%22%2C1%2C1%2C%22%E2%80%A2%22%5D%2C%5B%22H%22%2C1%2C1%2C%22%E2%80%A2%22%5D%2C%5B1%2C1%2C1%2C1%2C1%2C%22%E2%80%A2%22%2C%22Y%22%5D%2C%5B%22Y%22%2C1%2C1%2C1%2C1%2C1%2C%22%E2%80%A2%22%5D%2C%5B%22Swap%22%2C1%2C1%2C%22Swap%22%5D%2C%5B1%2C%22%E2%80%A2%22%2C1%2C%22Z%5E%C2%BD%22%5D%2C%5B1%2C1%2C1%2C%22Z%22%2C1%2C1%2C%22%E2%80%A2%22%5D%2C%5B1%2C1%2C1%2C%22%E2%80%A2%22%2C1%2C1%2C%22X%22%5D%2C%5B1%2C1%2C1%2C%22Swap%22%2C1%2C1%2C%22Swap%22%5D%2C%5B%22%E2%80%A2%22%2C1%2C1%2C%22Z%5E%C2%BD%22%5D%2C%5B1%2C1%2C1%2C%22H%22%2C1%2C%22%E2%80%A2%22%5D%2C%5B%22%E2%80%A2%22%2C1%2C1%2C1%2C%22Z%22%5D%2C%5B1%2C1%2C%22H%22%2C%22%E2%80%A2%22%5D%5D%7D","-- / 0",""
"2024/05/21 1:34:55 p. m. EEST","8.00 / 8","Bari013","-- / 0","","50","1.00 / 1","","6.25","1.00 / 1","","6.25","1.00 / 1","","0","1.00 / 1","","25","1.00 / 1","","12.5","1.00 / 1","","0","1.00 / 1","","0","1.00 / 1","","https://algassert.com/quirk#circuit=%7B%22cols%22%3A%5B%5B1%2C1%2C1%2C1%2C1%2C1%2C%22H%22%5D%2C%5B1%2C%22%E2%80%A2%22%2C1%2C1%2C1%2C%22X%22%5D%2C%5B1%2C1%2C1%2C%22H%22%2C1%2C1%2C%22%E2%80%A2%22%5D%2C%5B%22H%22%2C1%2C1%2C%22%E2%80%A2%22%5D%2C%5B1%2C1%2C1%2C1%2C1%2C%22%E2%80%A2%22%2C%22Y%22%5D%2C%5B%22Y%22%2C1%2C1%2C1%2C1%2C1%2C%22%E2%80%A2%22%5D%2C%5B%22Swap%22%2C1%2C1%2C%22Swap%22%5D%2C%5B1%2C%22%E2%80%A2%22%2C1%2C%22Z%5E%C2%BD%22%5D%2C%5B1%2C1%2C1%2C%22Z%22%2C1%2C1%2C%22%E2%80%A2%22%5D%2C%5B1%2C1%2C1%2C%22%E2%80%A2%22%2C1%2C1%2C%22X%22%5D%2C%5B1%2C1%2C1%2C%22Swap%22%2C1%2C1%2C%22Swap%22%5D%2C%5B%22%E2%80%A2%22%2C1%2C1%2C%22Z%5E%C2%BD%22%5D%2C%5B1%2C1%2C1%2C%22H%22%2C1%2C%22%E2%80%A2%22%5D%2C%5B%22%E2%80%A2%22%2C1%2C1%2C1%2C%22Z%22%5D%2C%5B1%2C1%2C%22H%22%2C%22%E2%80%A2%22%5D%5D%7D","-- / 0",""
"2024/05/21 1:37:51 p. m. EEST","4.00 / 8","Bari003","-- / 0","","50","1.00 / 1","","0","0.00 / 1","","0","0.00 / 1","","0","1.00 / 1","","50","0.00 / 1","","0","0.00 / 1","","0","1.00 / 1","","0","1.00 / 1","","https://algassert.com/quirk#circuit=%7B%22cols%22%3A%5B%5B1%2C1%2C1%2C1%2C1%2C1%2C%22H%22%5D%2C%5B1%2C%22%E2%80%A2%22%2C1%2C1%2C1%2C%22X%22%5D%2C%5B%22H%22%2C1%2C1%2C%22%E2%80%A2%22%5D%2C%5B1%2C1%2C1%2C1%2C1%2C%22%E2%80%A2%22%2C%22Y%22%5D%2C%5B%22Y%22%2C1%2C1%2C1%2C1%2C1%2C%22%E2%80%A2%22%5D%2C%5B%22Swap%22%2C1%2C1%2C%22Swap%22%5D%2C%5B1%2C%22%E2%80%A2%22%2C1%2C%22Z%5E%C2%BD%22%5D%2C%5B1%2C1%2C1%2C%22Z%22%2C1%2C1%2C%22%E2%80%A2%22%5D%2C%5B1%2C1%2C1%2C%22%E2%80%A2%22%2C1%2C1%2C%22X%22%5D%2C%5B1%2C1%2C1%2C%22Swap%22%2C1%2C1%2C%22Swap%22%5D%2C%5B%22%E2%80%A2%22%2C1%2C1%2C%22Z%5E%C2%BD%22%5D%2C%5B1%2C1%2C1%2C%22H%22%2C1%2C%22%E2%80%A2%22%5D%2C%5B%22%E2%80%A2%22%2C1%2C1%2C1%2C%22Z%22%5D%2C%5B1%2C1%2C%22H%22%2C%22%E2%80%A2%22%5D%2C%5B1%2C1%2C%22Measure%22%2C1%2C1%2C1%2C%22Measure%22%5D%5D%7D","-- / 0",""
"2024/05/21 1:37:56 p. m. EEST","6.00 / 8","Ba016","-- / 0","","50","1.00 / 1","","6.25","1.00 / 1","","6.25","1.00 / 1","","0","1.00 / 1","","0","0.00 / 1","","0","0.00 / 1","","0","1.00 / 1","","0","1.00 / 1","","https://algassert.com/quirk#circuit=%7B%22cols%22%3A%5B%5B1%2C1%2C1%2C1%2C1%2C1%2C%22H%22%5D%2C%5B1%2C%22%E2%80%A2%22%2C1%2C1%2C1%2C%22X%22%5D%2C%5B1%2C1%2C1%2C%22H%22%2C1%2C1%2C%22%E2%80%A2%22%5D%2C%5B%22H%22%2C1%2C1%2C%22%E2%80%A2%22%5D%2C%5B1%2C1%2C1%2C1%2C1%2C%22%E2%80%A2%22%2C%22Y%22%5D%2C%5B%22Y%22%2C1%2C1%2C1%2C1%2C1%2C%22%E2%80%A2%22%5D%2C%5B%22Swap%22%2C1%2C1%2C%22Swap%22%5D%2C%5B1%2C%22%E2%80%A2%22%2C1%2C%22Z%5E%C2%BD%22%5D%2C%5B1%2C1%2C1%2C%22Z%22%2C1%2C1%2C%22%E2%80%A2%22%5D%2C%5B1%2C1%2C1%2C%22%E2%80%A2%22%2C1%2C%22X%22%5D%2C%5B1%2C1%2C1%2C%22Swap%22%2C1%2C1%2C%22Swap%22%5D%2C%5B%22%E2%80%A2%22%2C1%2C1%2C%22Z%5E%C2%BD%22%5D%2C%5B1%2C1%2C1%2C%22H%22%2C1%2C%22%E2%80%A2%22%5D%2C%5B%22%E2%80%A2%22%2C1%2C1%2C1%2C%22Z%22%5D%2C%5B1%2C1%2C%22H%22%2C%22%E2%80%A2%22%5D%5D%7D","-- / 0",""
"2024/05/21 1:38:11 p. m. EEST","8.00 / 8","Bari017","-- / 0","","50","1.00 / 1","","6.2500","1.00 / 1","","6.2500","1.00 / 1","","0","1.00 / 1","","25","1.00 / 1","","12.5000","1.00 / 1","","0","1.00 / 1","","0","1.00 / 1","","https://algassert.com/quirk#circuit=%7B%22cols%22%3A%5B%5B1%2C1%2C1%2C1%2C1%2C1%2C%22H%22%5D%2C%5B1%2C%22%E2%80%A2%22%2C1%2C1%2C1%2C%22X%22%5D%2C%5B1%2C1%2C1%2C%22H%22%2C1%2C1%2C%22%E2%80%A2%22%5D%2C%5B%22H%22%2C1%2C1%2C%22%E2%80%A2%22%5D%2C%5B1%2C1%2C1%2C1%2C1%2C%22%E2%80%A2%22%2C%22Y%22%5D%2C%5B%22Y%22%2C1%2C1%2C1%2C1%2C1%2C%22%E2%80%A2%22%5D%2C%5B%22Swap%22%2C1%2C1%2C%22Swap%22%5D%2C%5B1%2C%22%E2%80%A2%22%2C1%2C%22Z%5E%C2%BD%22%5D%2C%5B1%2C1%2C1%2C%22Z%22%2C1%2C1%2C%22%E2%80%A2%22%5D%2C%5B1%2C1%2C1%2C%22%E2%80%A2%22%2C1%2C1%2C%22X%22%5D%2C%5B1%2C1%2C1%2C%22Swap%22%2C1%2C1%2C%22Swap%22%5D%2C%5B%22%E2%80%A2%22%2C1%2C1%2C%22Z%5E%C2%BD%22%5D%2C%5B1%2C1%2C1%2C%22H%22%2C1%2C%22%E2%80%A2%22%5D%2C%5B%22%E2%80%A2%22%2C1%2C1%2C1%2C%22Z%22%5D%2C%5B1%2C1%2C%22H%22%2C%22%E2%80%A2%22%5D%5D%7D","-- / 0",""
"2024/05/21 1:40:42 p. m. EEST","8.00 / 8","Bari005","-- / 0","","50.0","1.00 / 1","","6.2","1.00 / 1","","6.2","1.00 / 1","","0.0","1.00 / 1","","25.0","1.00 / 1","","12.5","1.00 / 1","","0.0","1.00 / 1","","0.0","1.00 / 1","","{
  ""cols"": [
    [
      1,
      1,
      1,
      1,
      1,
      1,
      ""H""
    ],
    [
      1,
      ""•"",
      1,
      1,
      1,
      ""X""
    ],
    [
      1,
      1,
      1,
      ""H"",
      1,
      1,
      ""•""
    ],
    [
      ""H"",
      1,
      1,
      ""•""
    ],
    [
      1,
      1,
      1,
      1,
      1,
      ""•"",
      ""Y""
    ],
    [
      ""Y"",
      1,
      1,
      1,
      1,
      1,
      ""•""
    ],
    [
      ""Swap"",
      1,
      1,
      ""Swap""
    ],
    [
      1,
      ""•"",
      1,
      ""Z^½""
    ],
    [
      1,
      1,
      1,
      ""Z"",
      1,
      1,
      ""•""
    ],
    [
      1,
      1,
      1,
      ""•"",
      1,
      1,
      ""X""
    ],
    [
      1,
      1,
      1,
      ""Swap"",
      1,
      1,
      ""Swap""
    ],
    [
      ""•"",
      1,
      1,
      ""Z^½""
    ],
    [
      1,
      1,
      1,
      ""H"",
      1,
      ""•""
    ],
    [
      ""•"",
      1,
      1,
      1,
      ""Z""
    ],
    [
      1,
      1,
      ""H"",
      ""•""
    ]
  ]
}","-- / 0",""
"2024/05/21 1:41:40 p. m. EEST","4.00 / 8","Bari002","-- / 0","","50","1.00 / 1","","0","0.00 / 1","","0","0.00 / 1","","0","1.00 / 1","","0","0.00 / 1","","0","0.00 / 1","","0","1.00 / 1","","0","1.00 / 1","","https://algassert.com/quirk#circuit=%7B%22cols%22%3A%5B%5B1%2C1%2C1%2C1%2C1%2C%22H%22%5D%2C%5B1%2C%22%E2%80%A2%22%2C1%2C1%2C1%2C%22X%22%5D%2C%5B1%2C1%2C1%2C%22X%22%2C1%2C1%2C%22%E2%80%A2%22%5D%2C%5B%22H%22%2C1%2C%22%E2%80%A2%22%5D%2C%5B1%2C1%2C1%2C1%2C1%2C%22%E2%80%A2%22%2C%22Y%22%5D%2C%5B%22Y%22%2C1%2C1%2C1%2C1%2C1%2C%22%E2%80%A2%22%5D%2C%5B%22Swap%22%2C1%2C1%2C%22Swap%22%5D%2C%5B1%2C%22%E2%80%A2%22%2C1%2C%22Z%5E%C2%BD%22%5D%2C%5B1%2C1%2C1%2C%22Z%22%2C1%2C1%2C%22%E2%80%A2%22%5D%2C%5B1%2C1%2C1%2C%22%E2%80%A2%22%2C1%2C1%2C%22X%22%5D%2C%5B1%2C1%2C1%2C%22Swap%22%2C1%2C1%2C%22Swap%22%5D%2C%5B%22%E2%80%A2%22%2C1%2C1%2C%22Z%5E%C2%BD%22%5D%2C%5B1%2C1%2C1%2C%22H%22%2C1%2C%22%E2%80%A2%22%5D%2C%5B%22%E2%80%A2%22%2C1%2C1%2C1%2C%22Z%22%5D%2C%5B1%2C1%2C%22H%22%2C%22%E2%80%A2%22%5D%5D%7D","-- / 0",""
"2024/05/21 1:44:39 p. m. EEST","8.00 / 8","Bari001","-- / 0","","50.0","1.00 / 1","","6.25","1.00 / 1","","6.25","1.00 / 1","","0","1.00 / 1","","25","1.00 / 1","","12.5","1.00 / 1","","0","1.00 / 1","","0","1.00 / 1","","https://algassert.com/quirk#circuit=%7B%22cols%22%3A%5B%5B1%2C1%2C1%2C1%2C1%2C1%2C%22H%22%2C%22%E2%80%A6%22%5D%2C%5B1%2C%22%E2%80%A2%22%2C1%2C1%2C1%2C%22X%22%5D%2C%5B1%2C1%2C1%2C%22H%22%2C1%2C1%2C%22%E2%80%A2%22%5D%2C%5B%22H%22%2C1%2C1%2C%22%E2%80%A2%22%5D%2C%5B1%2C1%2C1%2C1%2C1%2C%22%E2%80%A2%22%2C%22Y%22%5D%2C%5B%22Y%22%2C1%2C1%2C1%2C1%2C1%2C%22%E2%80%A2%22%5D%2C%5B%22Swap%22%2C1%2C1%2C%22Swap%22%5D%2C%5B1%2C%22%E2%80%A2%22%2C1%2C%22Z%5E%C2%BD%22%5D%2C%5B1%2C1%2C1%2C%22Z%22%2C1%2C1%2C%22%E2%80%A2%22%5D%2C%5B1%2C1%2C1%2C%22%E2%80%A2%22%2C1%2C1%2C%22X%22%5D%2C%5B1%2C1%2C1%2C%22Swap%22%2C1%2C1%2C%22Swap%22%5D%2C%5B%22%E2%80%A2%22%2C1%2C1%2C%22Z%5E%C2%BD%22%5D%2C%5B1%2C1%2C1%2C%22H%22%2C1%2C%22%E2%80%A2%22%5D%2C%5B%22%E2%80%A2%22%2C1%2C1%2C1%2C%22Z%22%5D%2C%5B1%2C1%2C%22H%22%2C%22%E2%80%A2%22%5D%5D%7D","-- / 0",""
"2024/05/21 1:50:35 p. m. EEST","8.00 / 8","Bari012","-- / 0","","50.00","1.00 / 1","","6.25","1.00 / 1","","6.25","1.00 / 1","","0.00","1.00 / 1","","25.00","1.00 / 1","","12.50","1.00 / 1","","0.00","1.00 / 1","","0.00","1.00 / 1","","https://algassert.com/quirk#circuit=%7B%22cols%22%3A%5B%5B1%2C1%2C1%2C1%2C1%2C1%2C%22H%22%5D%2C%5B1%2C%22%E2%80%A2%22%2C1%2C1%2C1%2C%22X%22%5D%2C%5B1%2C1%2C1%2C%22H%22%2C1%2C1%2C%22%E2%80%A2%22%5D%2C%5B%22H%22%2C1%2C1%2C%22%E2%80%A2%22%5D%2C%5B1%2C1%2C1%2C1%2C1%2C%22%E2%80%A2%22%2C%22Y%22%5D%2C%5B%22Y%22%2C1%2C1%2C1%2C1%2C1%2C%22%E2%80%A2%22%5D%2C%5B%22Swap%22%2C1%2C1%2C%22Swap%22%5D%2C%5B1%2C%22%E2%80%A2%22%2C1%2C%22Z%5E%C2%BD%22%5D%2C%5B1%2C1%2C1%2C%22Z%22%2C1%2C1%2C%22%E2%80%A2%22%5D%2C%5B1%2C1%2C1%2C%22%E2%80%A2%22%2C1%2C1%2C%22X%22%5D%2C%5B1%2C1%2C1%2C%22Swap%22%2C1%2C1%2C%22Swap%22%5D%2C%5B%22%E2%80%A2%22%2C1%2C1%2C%22Z%5E%C2%BD%22%5D%2C%5B1%2C1%2C1%2C%22H%22%2C1%2C%22%E2%80%A2%22%5D%2C%5B%22%E2%80%A2%22%2C1%2C1%2C1%2C%22Z%22%5D%2C%5B1%2C1%2C%22H%22%2C%22%E2%80%A2%22%5D%5D%7D","-- / 0",""
"2024/05/21 1:50:56 p. m. EEST","8.00 / 8","Bari004","-- / 0","","50.0","1.00 / 1","","6.25","1.00 / 1","","6.25","1.00 / 1","","0.0","1.00 / 1","","25.0","1.00 / 1","","12.5","1.00 / 1","","0.0","1.00 / 1","","0.0","1.00 / 1","","https://algassert.com/quirk#circuit=%7B%22cols%22%3A%5B%5B1%2C1%2C1%2C1%2C1%2C1%2C%22H%22%5D%2C%5B1%2C%22%E2%80%A2%22%2C1%2C1%2C1%2C%22X%22%5D%2C%5B1%2C1%2C1%2C%22H%22%2C1%2C1%2C%22%E2%80%A2%22%5D%2C%5B%22H%22%2C1%2C1%2C%22%E2%80%A2%22%5D%2C%5B1%2C1%2C1%2C1%2C1%2C%22%E2%80%A2%22%2C%22Y%22%5D%2C%5B%22Y%22%2C1%2C1%2C1%2C1%2C1%2C%22%E2%80%A2%22%5D%2C%5B%22Swap%22%2C1%2C1%2C%22Swap%22%5D%2C%5B1%2C%22%E2%80%A2%22%2C1%2C%22Z%5E%C2%BD%22%5D%2C%5B1%2C1%2C1%2C%22Z%22%2C1%2C1%2C%22%E2%80%A2%22%5D%2C%5B1%2C1%2C1%2C%22%E2%80%A2%22%2C1%2C1%2C%22X%22%5D%2C%5B1%2C1%2C1%2C%22Swap%22%2C1%2C1%2C%22Swap%22%5D%2C%5B%22%E2%80%A2%22%2C1%2C1%2C%22Z%5E%C2%BD%22%5D%2C%5B1%2C1%2C1%2C%22H%22%2C1%2C%22%E2%80%A2%22%5D%2C%5B%22%E2%80%A2%22%2C1%2C1%2C1%2C%22Z%22%5D%2C%5B1%2C1%2C%22H%22%2C%22%E2%80%A2%22%5D%5D%7D","-- / 0",""
"2024/05/21 1:53:19 p. m. EEST","8.00 / 8","Bari018","-- / 0","","50","1.00 / 1","","6.25","1.00 / 1","","6.25","1.00 / 1","","0","1.00 / 1","","25","1.00 / 1","","12.5","1.00 / 1","","0","1.00 / 1","","0","1.00 / 1","","https://algassert.com/quirk#circuit=%7B%22cols%22%3A%5B%5B1%2C1%2C1%2C1%2C1%2C1%2C%22H%22%5D%2C%5B1%2C%22%E2%80%A2%22%2C1%2C1%2C1%2C%22X%22%5D%2C%5B1%2C1%2C1%2C%22H%22%2C1%2C1%2C%22%E2%80%A2%22%5D%2C%5B%22H%22%2C1%2C1%2C%22%E2%80%A2%22%5D%2C%5B1%2C1%2C1%2C1%2C1%2C%22%E2%80%A2%22%2C%22Y%22%5D%2C%5B%22Y%22%2C1%2C1%2C1%2C1%2C1%2C%22%E2%80%A2%22%5D%2C%5B%22Swap%22%2C1%2C1%2C%22Swap%22%5D%2C%5B1%2C%22%E2%80%A2%22%2C1%2C%22Z%5E%C2%BD%22%5D%2C%5B1%2C1%2C1%2C%22Z%22%2C1%2C1%2C%22%E2%80%A2%22%5D%2C%5B1%2C1%2C1%2C%22%E2%80%A2%22%2C1%2C1%2C%22X%22%5D%2C%5B1%2C1%2C1%2C%22Swap%22%2C1%2C1%2C%22Swap%22%5D%2C%5B%22%E2%80%A2%22%2C1%2C1%2C%22Z%5E%C2%BD%22%5D%2C%5B1%2C1%2C1%2C%22H%22%2C1%2C%22%E2%80%A2%22%5D%2C%5B%22%E2%80%A2%22%2C1%2C1%2C1%2C%22Z%22%5D%2C%5B1%2C1%2C%22H%22%2C%22%E2%80%A2%22%5D%5D%7D","-- / 0",""
"2024/05/21 1:54:54 p. m. EEST","4.00 / 8","Bari014","-- / 0","","50","1.00 / 1","","0","0.00 / 1","","0","0.00 / 1","","0","1.00 / 1","","0","0.00 / 1","","6","0.00 / 1","","0","1.00 / 1","","0","1.00 / 1","","https://algassert.com/quirk#circuit=%7B%22cols%22%3A%5B%5B1%2C1%2C1%2C1%2C1%2C1%2C%22H%22%5D%2C%5B1%2C%22%E2%80%A2%22%2C1%2C1%2C1%2C%22X%22%5D%2C%5B1%2C1%2C1%2C%22H%22%2C1%2C1%2C%22%E2%80%A2%22%5D%2C%5B%22H%22%2C1%2C1%2C%22%E2%80%A2%22%5D%2C%5B1%2C1%2C1%2C1%2C1%2C%22%E2%80%A2%22%2C%22Y%22%5D%2C%5B%22Y%22%2C1%2C1%2C1%2C1%2C1%2C%22%E2%80%A2%22%5D%2C%5B%22Swap%22%2C1%2C%22Swap%22%5D%2C%5B1%2C%22%E2%80%A2%22%2C1%2C%22Z%5E%C2%BD%22%5D%2C%5B1%2C1%2C1%2C%22Z%22%2C1%2C1%2C%22%E2%80%A2%22%5D%2C%5B1%2C1%2C1%2C%22%E2%80%A2%22%2C1%2C1%2C%22X%22%5D%2C%5B1%2C1%2C1%2C%22%E2%80%A2%22%2C1%2C1%2C%22X%22%5D%2C%5B1%2C1%2C1%2C%22Swap%22%2C1%2C1%2C%22Swap%22%5D%2C%5B%22%E2%80%A2%22%2C1%2C1%2C%22Z%5E%C2%BD%22%5D%2C%5B1%2C1%2C1%2C%22H%22%2C1%2C%22%E2%80%A2%22%5D%2C%5B%22%E2%80%A2%22%2C1%2C1%2C1%2C%22Z%22%5D%2C%5B1%2C1%2C%22H%22%2C1%2C%22%E2%80%A2%22%5D%5D%7D","-- / 0",""
"2024/05/21 2:01:36 p. m. EEST","6.00 / 8","Bari010","-- / 0","","50","1.00 / 1","","6.25","1.00 / 1","","6.25","1.00 / 1","","0","1.00 / 1","","0","0.00 / 1","","0","0.00 / 1","","0","1.00 / 1","","0","1.00 / 1","","https://algassert.com/quirk#circuit=%7B%22cols%22%3A%5B%5B1%2C1%2C1%2C1%2C1%2C1%2C%22H%22%5D%2C%5B1%2C%22%E2%80%A2%22%2C1%2C1%2C1%2C%22X%22%5D%2C%5B1%2C1%2C1%2C%22H%22%2C1%2C1%2C%22%E2%80%A2%22%5D%2C%5B%22H%22%2C1%2C1%2C%22%E2%80%A2%22%5D%2C%5B1%2C1%2C1%2C1%2C1%2C%22%E2%80%A2%22%2C%22Y%22%5D%2C%5B%22Y%22%2C1%2C1%2C1%2C1%2C1%2C%22%E2%80%A2%22%5D%2C%5B%22Swap%22%2C1%2C1%2C%22Swap%22%5D%2C%5B1%2C%22%E2%80%A2%22%2C1%2C%22Z%5E%C2%BD%22%5D%2C%5B1%2C1%2C1%2C%22X%22%2C1%2C1%2C%22%E2%80%A2%22%5D%2C%5B1%2C1%2C1%2C%22Swap%22%2C1%2C1%2C%22Swap%22%5D%2C%5B%22%E2%80%A2%22%2C1%2C1%2C%22Z%5E%C2%BD%22%5D%2C%5B1%2C1%2C1%2C%22H%22%2C1%2C%22%E2%80%A2%22%5D%2C%5B%22%E2%80%A2%22%2C1%2C1%2C1%2C%22Z%22%5D%2C%5B1%2C1%2C%22H%22%2C%22%E2%80%A2%22%5D%5D%7D","-- / 0",""
"2024/06/12 11:07:18 a. m. EEST","8.00 / 8","QServ009","-- / 0","","50","1.00 / 1","","6.25","1.00 / 1","","6.25","1.00 / 1","","0","1.00 / 1","","25","1.00 / 1","","12.5","1.00 / 1","","0","1.00 / 1","","0","1.00 / 1","","https://algassert.com/quirk#circuit=%7B%22cols%22%3A%5B%5B%22%E2%80%A6%22%2C%22%E2%80%A6%22%2C%22%E2%80%A6%22%2C%22%E2%80%A6%22%2C%22%E2%80%A6%22%2C%22%E2%80%A6%22%2C%22%E2%80%A6%22%5D%2C%5B1%2C1%2C1%2C1%2C1%2C1%2C%22H%22%5D%2C%5B1%2C%22%E2%80%A2%22%2C1%2C1%2C1%2C%22X%22%5D%2C%5B1%2C1%2C1%2C%22H%22%2C1%2C1%2C%22%E2%80%A2%22%5D%2C%5B%22H%22%2C1%2C1%2C%22%E2%80%A2%22%5D%2C%5B1%2C1%2C1%2C1%2C1%2C%22%E2%80%A2%22%2C%22Y%22%5D%2C%5B%22Y%22%2C1%2C1%2C1%2C1%2C1%2C%22%E2%80%A2%22%5D%2C%5B%22Swap%22%2C1%2C1%2C%22Swap%22%5D%2C%5B1%2C%22%E2%80%A2%22%2C1%2C%22Z%5E%C2%BD%22%5D%2C%5B1%2C1%2C1%2C%22Z%22%2C1%2C1%2C%22%E2%80%A2%22%5D%2C%5B1%2C1%2C1%2C%22%E2%80%A2%22%2C1%2C1%2C%22X%22%5D%2C%5B1%2C1%2C1%2C%22Swap%22%2C1%2C1%2C%22Swap%22%5D%2C%5B%22%E2%80%A2%22%2C1%2C1%2C%22Z%5E%C2%BD%22%5D%2C%5B1%2C1%2C1%2C%22H%22%2C1%2C%22%E2%80%A2%22%5D%2C%5B%22%E2%80%A2%22%2C1%2C1%2C1%2C%22Z%22%5D%2C%5B1%2C1%2C%22H%22%2C%22%E2%80%A2%22%5D%5D%7D","-- / 0",""
"2024/06/12 11:08:32 a. m. EEST","8.00 / 8","QServ010","-- / 0","","50","1.00 / 1","","6.25","1.00 / 1","","6.25","1.00 / 1","","0","1.00 / 1","","25","1.00 / 1","","12.5","1.00 / 1","","0","1.00 / 1","","0","1.00 / 1","","https://algassert.com/quirk#circuit=%7B%22cols%22%3A%5B%5B1%2C1%2C1%2C1%2C1%2C1%2C%22H%22%5D%2C%5B1%2C%22%E2%80%A2%22%2C1%2C1%2C1%2C%22X%22%5D%2C%5B1%2C1%2C1%2C%22H%22%2C1%2C1%2C%22%E2%80%A2%22%5D%2C%5B%22H%22%2C1%2C1%2C%22%E2%80%A2%22%5D%2C%5B1%2C1%2C1%2C1%2C1%2C%22%E2%80%A2%22%2C%22Y%22%5D%2C%5B%22Y%22%2C1%2C1%2C1%2C1%2C1%2C%22%E2%80%A2%22%5D%2C%5B%22Swap%22%2C1%2C1%2C%22Swap%22%5D%2C%5B1%2C%22%E2%80%A2%22%2C1%2C%22Z%5E%C2%BD%22%5D%2C%5B1%2C1%2C1%2C%22Z%22%2C1%2C1%2C%22%E2%80%A2%22%5D%2C%5B1%2C1%2C1%2C%22%E2%80%A2%22%2C1%2C1%2C%22X%22%5D%2C%5B1%2C1%2C1%2C%22Swap%22%2C1%2C1%2C%22Swap%22%5D%2C%5B%22%E2%80%A2%22%2C1%2C1%2C%22Z%5E%C2%BD%22%5D%2C%5B1%2C1%2C1%2C%22H%22%2C1%2C%22%E2%80%A2%22%5D%2C%5B%22%E2%80%A2%22%2C1%2C1%2C1%2C%22Z%22%5D%2C%5B1%2C1%2C%22H%22%2C%22%E2%80%A2%22%5D%5D%7D","-- / 0",""
"2024/06/12 11:17:03 a. m. EEST","8.00 / 8","QServ014","-- / 0","","50.0","1.00 / 1","","6.25","1.00 / 1","","6.25","1.00 / 1","","0.0","1.00 / 1","","25.0","1.00 / 1","","12.5","1.00 / 1","","0.0","1.00 / 1","","0.0","1.00 / 1","","https://algassert.com/quirk#circuit=%7B%22cols%22%3A%5B%5B1%2C1%2C1%2C1%2C1%2C1%2C%22H%22%5D%2C%5B1%2C%22%E2%80%A2%22%2C1%2C1%2C1%2C%22X%22%5D%2C%5B1%2C1%2C1%2C%22H%22%2C1%2C1%2C%22%E2%80%A2%22%5D%2C%5B%22H%22%2C1%2C1%2C%22%E2%80%A2%22%5D%2C%5B1%2C1%2C1%2C1%2C1%2C%22%E2%80%A2%22%2C%22Y%22%5D%2C%5B%22Y%22%2C1%2C1%2C1%2C1%2C1%2C%22%E2%80%A2%22%5D%2C%5B%22Swap%22%2C1%2C1%2C%22Swap%22%5D%2C%5B1%2C%22%E2%80%A2%22%2C1%2C%22Z%5E%C2%BD%22%5D%2C%5B1%2C1%2C1%2C%22Z%22%2C1%2C1%2C%22%E2%80%A2%22%5D%2C%5B1%2C1%2C1%2C%22%E2%80%A2%22%2C1%2C1%2C%22X%22%5D%2C%5B1%2C1%2C1%2C%22Swap%22%2C1%2C1%2C%22Swap%22%5D%2C%5B%22%E2%80%A2%22%2C1%2C1%2C%22Z%5E%C2%BD%22%5D%2C%5B1%2C1%2C1%2C%22H%22%2C1%2C%22%E2%80%A2%22%5D%2C%5B%22%E2%80%A2%22%2C1%2C1%2C1%2C%22Z%22%5D%2C%5B1%2C1%2C%22H%22%2C%22%E2%80%A2%22%5D%2C%5B1%2C1%2C%22Measure%22%2C1%2C1%2C1%2C%22Measure%22%5D%5D%7D","-- / 0",""
"2024/06/12 11:17:07 a. m. EEST","8.00 / 8","QServ019","-- / 0","","50","1.00 / 1","","6.25","1.00 / 1","","6.25","1.00 / 1","","0","1.00 / 1","","25","1.00 / 1","","12.5","1.00 / 1","","0","1.00 / 1","","0","1.00 / 1","","https://algassert.com/quirk#circuit=%7B%22cols%22%3A%5B%5B1%2C1%2C1%2C1%2C1%2C1%2C%22H%22%5D%2C%5B1%2C%22%E2%80%A2%22%2C1%2C1%2C1%2C%22X%22%5D%2C%5B1%2C1%2C1%2C%22H%22%2C1%2C1%2C%22%E2%80%A2%22%5D%2C%5B%22H%22%2C1%2C1%2C%22%E2%80%A2%22%5D%2C%5B1%2C1%2C1%2C1%2C1%2C%22%E2%80%A2%22%2C%22Y%22%5D%2C%5B%22Y%22%2C1%2C1%2C1%2C1%2C1%2C%22%E2%80%A2%22%5D%2C%5B%22Swap%22%2C1%2C1%2C%22Swap%22%5D%2C%5B1%2C%22%E2%80%A2%22%2C1%2C%22Z%5E%C2%BD%22%5D%2C%5B1%2C1%2C1%2C%22Z%22%2C1%2C1%2C%22%E2%80%A2%22%5D%2C%5B1%2C1%2C1%2C%22%E2%80%A2%22%2C1%2C1%2C%22X%22%5D%2C%5B1%2C1%2C1%2C%22Swap%22%2C1%2C1%2C%22Swap%22%5D%2C%5B%22%E2%80%A2%22%2C1%2C1%2C%22Z%5E%C2%BD%22%5D%2C%5B1%2C1%2C1%2C%22H%22%2C1%2C%22%E2%80%A2%22%5D%2C%5B%22%E2%80%A2%22%2C1%2C1%2C1%2C%22Z%22%5D%2C%5B1%2C1%2C%22H%22%2C%22%E2%80%A2%22%5D%2C%5B1%2C1%2C%22Measure%22%2C1%2C1%2C1%2C%22Measure%22%5D%5D%7D","-- / 0",""
"2024/06/12 11:22:21 a. m. EEST","8.00 / 8","QServ013","-- / 0","","50","1.00 / 1","","6.25","1.00 / 1","","6.25","1.00 / 1","","0","1.00 / 1","","25","1.00 / 1","","12.5","1.00 / 1","","0","1.00 / 1","","0","1.00 / 1","","https://algassert.com/quirk#circuit=%7B%22cols%22%3A%5B%5B1%2C1%2C1%2C1%2C1%2C1%2C%22H%22%5D%2C%5B1%2C%22%E2%80%A2%22%2C1%2C1%2C1%2C%22X%22%5D%2C%5B1%2C1%2C1%2C%22H%22%2C1%2C1%2C%22%E2%80%A2%22%5D%2C%5B%22H%22%2C1%2C1%2C%22%E2%80%A2%22%5D%2C%5B1%2C1%2C1%2C1%2C1%2C%22%E2%80%A2%22%2C%22Y%22%5D%2C%5B%22Y%22%2C1%2C1%2C1%2C1%2C1%2C%22%E2%80%A2%22%5D%2C%5B%22Swap%22%2C1%2C1%2C%22Swap%22%5D%2C%5B1%2C%22%E2%80%A2%22%2C1%2C%22Z%5E%C2%BD%22%5D%2C%5B1%2C1%2C1%2C%22Z%22%2C1%2C1%2C%22%E2%80%A2%22%5D%2C%5B1%2C1%2C1%2C%22%E2%80%A2%22%2C1%2C1%2C%22X%22%5D%2C%5B1%2C1%2C1%2C%22Swap%22%2C1%2C1%2C%22Swap%22%5D%2C%5B%22%E2%80%A2%22%2C1%2C1%2C%22Z%5E%C2%BD%22%5D%2C%5B1%2C1%2C1%2C%22H%22%2C1%2C%22%E2%80%A2%22%5D%2C%5B%22%E2%80%A2%22%2C1%2C1%2C1%2C%22Z%22%5D%2C%5B1%2C1%2C%22H%22%2C%22%E2%80%A2%22%5D%5D%7D","-- / 0",""
"2024/06/12 11:23:03 a. m. EEST","4.00 / 8","QServ021","-- / 0","","50","1.00 / 1","","0","0.00 / 1","","0","0.00 / 1","","0","1.00 / 1","","50","0.00 / 1","","0","-- / 1","","0","1.00 / 1","","0","1.00 / 1","","https://algassert.com/quirk#circuit=%7B%22cols%22%3A%5B%5B1%2C1%2C1%2C1%2C1%2C1%2C%22H%22%5D%2C%5B1%2C%22%E2%80%A2%22%2C1%2C1%2C1%2C%22X%22%5D%2C%5B%22H%22%2C1%2C1%2C%22%E2%80%A2%22%5D%2C%5B1%2C1%2C1%2C1%2C1%2C%22%E2%80%A2%22%2C%22Y%22%5D%2C%5B%22Y%22%2C1%2C1%2C1%2C1%2C1%2C%22%E2%80%A2%22%5D%2C%5B%22Swap%22%2C1%2C1%2C%22Swap%22%5D%2C%5B1%2C%22%E2%80%A2%22%2C1%2C%22Z%5E%C2%BD%22%5D%2C%5B1%2C1%2C1%2C%22Z%22%2C1%2C1%2C%22%E2%80%A2%22%5D%2C%5B1%2C1%2C1%2C%22%E2%80%A2%22%2C1%2C1%2C%22X%22%5D%2C%5B1%2C1%2C1%2C%22Swap%22%2C1%2C1%2C%22Swap%22%5D%2C%5B%22%E2%80%A2%22%2C1%2C1%2C%22Z%5E%C2%BD%22%5D%2C%5B1%2C1%2C1%2C%22H%22%2C1%2C%22%E2%80%A2%22%5D%2C%5B%22%E2%80%A2%22%2C1%2C1%2C1%2C%22Z%22%5D%2C%5B1%2C1%2C%22H%22%2C%22%E2%80%A2%22%5D%5D%7D","-- / 0",""
"2024/06/12 11:27:15 a. m. EEST","8.00 / 8","QServ007","-- / 0","","50","1.00 / 1","","6.25","1.00 / 1","","6.25","1.00 / 1","","0","1.00 / 1","","25","1.00 / 1","","12.5","1.00 / 1","","0","1.00 / 1","","0","1.00 / 1","","https://algassert.com/quirk#circuit={%22cols%22:[[1,1,1,1,1,1,%22H%22],[1,%22%E2%80%A2%22,1,1,1,%22X%22],[1,1,1,%22H%22,1,1,%22%E2%80%A2%22],[%22H%22,1,1,%22%E2%80%A2%22],[1,1,1,1,1,%22%E2%80%A2%22,%22Y%22],[%22Y%22,1,1,1,1,1,%22%E2%80%A2%22],[%22Swap%22,1,1,%22Swap%22],[1,%22%E2%80%A2%22,1,%22Z^%C2%BD%22],[1,1,1,%22Z%22,1,1,%22%E2%80%A2%22],[1,1,1,%22%E2%80%A2%22,1,1,%22X%22],[1,1,1,%22Swap%22,1,1,%22Swap%22],[%22%E2%80%A2%22,1,1,%22Z^%C2%BD%22],[1,1,1,%22H%22,1,%22%E2%80%A2%22],[%22%E2%80%A2%22,1,1,1,%22Z%22],[1,1,%22H%22,%22%E2%80%A2%22],[1,1,%22Measure%22,1,1,1,%22Measure%22]]}","-- / 0",""
"2024/06/12 11:30:36 a. m. EEST","8.00 / 8","QServ015","-- / 0","","50","1.00 / 1","","6.25","1.00 / 1","","6.25","1.00 / 1","","0","1.00 / 1","","25","1.00 / 1","","12.5","1.00 / 1","","0","1.00 / 1","","0","1.00 / 1","","https://algassert.com/quirk#circuit=%7B%22cols%22%3A%5B%5B1%2C1%2C1%2C1%2C1%2C1%2C%22H%22%5D%2C%5B1%2C%22%E2%80%A2%22%2C1%2C1%2C1%2C%22X%22%5D%2C%5B1%2C1%2C1%2C%22H%22%2C1%2C1%2C%22%E2%80%A2%22%5D%2C%5B%22H%22%2C1%2C1%2C%22%E2%80%A2%22%5D%2C%5B1%2C1%2C1%2C1%2C1%2C%22%E2%80%A2%22%2C%22Y%22%5D%2C%5B%22Y%22%2C1%2C1%2C1%2C1%2C1%2C%22%E2%80%A2%22%5D%2C%5B%22Swap%22%2C1%2C1%2C%22Swap%22%5D%2C%5B1%2C%22%E2%80%A2%22%2C1%2C%22Z%5E%C2%BD%22%5D%2C%5B1%2C1%2C1%2C%22Z%22%2C1%2C1%2C%22%E2%80%A2%22%5D%2C%5B1%2C1%2C1%2C%22%E2%80%A2%22%2C1%2C1%2C%22X%22%5D%2C%5B1%2C1%2C1%2C%22Swap%22%2C1%2C1%2C%22Swap%22%5D%2C%5B%22%E2%80%A2%22%2C1%2C1%2C%22Z%5E%C2%BD%22%5D%2C%5B1%2C1%2C1%2C%22H%22%2C1%2C%22%E2%80%A2%22%5D%2C%5B%22%E2%80%A2%22%2C1%2C1%2C1%2C%22Z%22%5D%2C%5B1%2C1%2C%22H%22%2C%22%E2%80%A2%22%5D%2C%5B1%2C1%2C%22Measure%22%2C1%2C1%2C1%2C%22Measure%22%5D%5D%7D","-- / 0",""
"2024/06/12 11:35:17 a. m. EEST","8.00 / 8","QServ016","-- / 0","","50","1.00 / 1","","6.25","1.00 / 1","","6.25","1.00 / 1","","0","1.00 / 1","","25","1.00 / 1","","12.5","1.00 / 1","","0","1.00 / 1","","0","1.00 / 1","","https://algassert.com/quirk#circuit=%7B%22cols%22%3A%5B%5B1%2C1%2C1%2C1%2C1%2C1%2C%22H%22%5D%2C%5B1%2C%22%E2%80%A2%22%2C1%2C1%2C1%2C%22X%22%5D%2C%5B1%2C1%2C1%2C%22H%22%2C1%2C1%2C%22%E2%80%A2%22%5D%2C%5B%22H%22%2C1%2C1%2C%22%E2%80%A2%22%5D%2C%5B1%2C1%2C1%2C1%2C1%2C%22%E2%80%A2%22%2C%22Y%22%5D%2C%5B%22Y%22%2C1%2C1%2C1%2C1%2C1%2C%22%E2%80%A2%22%5D%2C%5B%22Swap%22%2C1%2C1%2C%22Swap%22%5D%2C%5B1%2C%22%E2%80%A2%22%2C1%2C%22Z%5E%C2%BD%22%5D%2C%5B1%2C1%2C1%2C%22Z%22%2C1%2C1%2C%22%E2%80%A2%22%5D%2C%5B1%2C1%2C1%2C%22%E2%80%A2%22%2C1%2C1%2C%22X%22%5D%2C%5B1%2C1%2C1%2C%22Swap%22%2C1%2C1%2C%22Swap%22%5D%2C%5B%22%E2%80%A2%22%2C1%2C1%2C%22Z%5E%C2%BD%22%5D%2C%5B1%2C1%2C1%2C%22H%22%2C1%2C%22%E2%80%A2%22%5D%2C%5B%22%E2%80%A2%22%2C1%2C1%2C1%2C%22Z%22%5D%2C%5B1%2C1%2C%22H%22%2C%22%E2%80%A2%22%5D%2C%5B1%2C1%2C%22Measure%22%2C1%2C1%2C1%2C%22Measure%22%5D%5D%7D","-- / 0",""
"2024/06/12 11:45:26 a. m. EEST","8.00 / 8","QServ002","-- / 0","","50","1.00 / 1","","6.25","1.00 / 1","","6.25","1.00 / 1","","0","1.00 / 1","","25","1.00 / 1","","12.5","1.00 / 1","","0","1.00 / 1","","0","1.00 / 1","","https://algassert.com/quirk#circuit=%7B%22cols%22%3A%5B%5B1%2C1%2C1%2C1%2C1%2C1%2C%22H%22%5D%2C%5B1%2C%22%E2%80%A2%22%2C1%2C1%2C1%2C%22X%22%5D%2C%5B1%2C1%2C1%2C%22H%22%2C1%2C1%2C%22%E2%80%A2%22%5D%2C%5B%22H%22%2C1%2C1%2C%22%E2%80%A2%22%5D%2C%5B1%2C1%2C1%2C1%2C1%2C%22%E2%80%A2%22%2C%22Y%22%5D%2C%5B%22Y%22%2C1%2C1%2C1%2C1%2C1%2C%22%E2%80%A2%22%5D%2C%5B%22Swap%22%2C1%2C1%2C%22Swap%22%5D%2C%5B1%2C%22%E2%80%A2%22%2C1%2C%22Z%5E%C2%BD%22%5D%2C%5B1%2C1%2C1%2C%22Z%22%2C1%2C1%2C%22%E2%80%A2%22%5D%2C%5B1%2C1%2C1%2C%22%E2%80%A2%22%2C1%2C1%2C%22X%22%5D%2C%5B1%2C1%2C1%2C%22Swap%22%2C1%2C1%2C%22Swap%22%5D%2C%5B%22%E2%80%A2%22%2C1%2C1%2C%22Z%5E%C2%BD%22%5D%2C%5B1%2C1%2C1%2C%22H%22%2C1%2C%22%E2%80%A2%22%5D%2C%5B%22%E2%80%A2%22%2C1%2C1%2C1%2C%22Z%22%5D%2C%5B1%2C1%2C%22H%22%2C%22%E2%80%A2%22%5D%2C%5B1%2C1%2C1%2C1%2C1%2C1%2C%22Measure%22%5D%2C%5B1%2C1%2C%22Measure%22%5D%5D%7D","-- / 0",""
"2024/06/12 11:45:45 a. m. EEST","8.00 / 8","QServ012","-- / 0","","50","1.00 / 1","","6.25","1.00 / 1","","6.25","1.00 / 1","","0","1.00 / 1","","25","1.00 / 1","","12.5","1.00 / 1","","0","1.00 / 1","","0","1.00 / 1","","https://algassert.com/quirk#circuit=%7B%22cols%22%3A%5B%5B1%2C1%2C1%2C1%2C1%2C1%2C%22H%22%5D%2C%5B1%2C%22X%22%2C1%2C1%2C1%2C%22%E2%80%A2%22%5D%2C%5B1%2C1%2C1%2C%22H%22%2C1%2C1%2C%22%E2%80%A2%22%5D%2C%5B%22H%22%2C1%2C1%2C%22%E2%80%A2%22%5D%2C%5B1%2C1%2C1%2C1%2C1%2C%22%E2%80%A2%22%2C%22Y%22%5D%2C%5B%22Y%22%2C1%2C1%2C1%2C1%2C1%2C%22%E2%80%A2%22%5D%2C%5B%22Swap%22%2C1%2C1%2C%22Swap%22%5D%2C%5B1%2C%22%E2%80%A2%22%2C1%2C%22Z%5E%C2%BD%22%5D%2C%5B1%2C1%2C1%2C%22Z%22%2C1%2C1%2C%22%E2%80%A2%22%5D%2C%5B1%2C1%2C1%2C%22%E2%80%A2%22%2C1%2C1%2C%22X%22%5D%2C%5B1%2C1%2C1%2C%22Swap%22%2C1%2C1%2C%22Swap%22%5D%2C%5B%22%E2%80%A2%22%2C1%2C1%2C%22Z%5E%C2%BD%22%5D%2C%5B1%2C1%2C1%2C%22H%22%2C1%2C%22%E2%80%A2%22%5D%2C%5B%22%E2%80%A2%22%2C1%2C1%2C1%2C%22Z%22%5D%2C%5B1%2C1%2C%22H%22%2C%22%E2%80%A2%22%5D%5D%7D","-- / 0",""
"2024/06/12 11:49:13 a. m. EEST","4.00 / 8","QServ018","-- / 0","","50","1.00 / 1","","0","0.00 / 1","","0","0.00 / 1","","0","1.00 / 1","","0","0.00 / 1","","0","-- / 1","","0","1.00 / 1","","0","1.00 / 1","","https://algassert.com/quirk#circuit=%7B%22cols%22%3A%5B%5B1%2C1%2C1%2C1%2C1%2C1%2C%22H%22%5D%2C%5B1%2C%22X%22%2C1%2C1%2C1%2C%22%E2%80%A2%22%5D%2C%5B1%2C1%2C1%2C%22%E2%80%A2%22%2C1%2C1%2C%22H%22%5D%2C%5B%22%E2%80%A2%22%2C1%2C1%2C%22H%22%5D%2C%5B1%2C1%2C1%2C1%2C1%2C%22Y%22%2C%22%E2%80%A2%22%5D%2C%5B%22%E2%80%A2%22%2C1%2C1%2C1%2C1%2C1%2C%22H%22%5D%2C%5B%22Swap%22%2C1%2C1%2C%22Swap%22%5D%2C%5B1%2C%22Z%5E%C2%BD%22%2C1%2C%22%E2%80%A2%22%5D%2C%5B1%2C1%2C1%2C%22%E2%80%A2%22%2C1%2C1%2C%22Z%22%5D%2C%5B1%2C1%2C1%2C%22X%22%2C1%2C1%2C%22%E2%80%A2%22%5D%2C%5B1%2C1%2C1%2C%22Swap%22%2C1%2C1%2C%22Swap%22%5D%2C%5B%22Z%5E%C2%BD%22%2C1%2C1%2C%22%E2%80%A2%22%5D%2C%5B1%2C1%2C1%2C%22%E2%80%A2%22%2C1%2C%22H%22%5D%2C%5B%22Z%22%2C1%2C1%2C1%2C%22%E2%80%A2%22%5D%2C%5B1%2C1%2C%22%E2%80%A2%22%2C%22H%22%5D%2C%5B1%2C1%2C%22Measure%22%2C1%2C1%2C1%2C%22Measure%22%5D%5D%7D","-- / 0",""
"2024/06/12 11:51:30 a. m. EEST","4.00 / 8","QServ020","-- / 0","","50","1.00 / 1","","0","0.00 / 1","","0","0.00 / 1","","0","1.00 / 1","","0","0.00 / 1","","0","-- / 1","","0","1.00 / 1","","0","1.00 / 1","","https://algassert.com/quirk#circuit=%7B%22cols%22%3A%5B%5B1%2C1%2C1%2C1%2C1%2C1%2C1%2C%22H%22%5D%2C%5B1%2C%22%E2%97%A6%22%2C1%2C1%2C1%2C%22%E2%97%A6%22%5D%2C%5B%22%E2%80%A2%22%2C1%2C1%2C1%2C%22%E2%80%A2%22%5D%2C%5B1%2C1%2C1%2C%22H%22%2C1%2C1%2C1%2C%22%E2%80%A2%22%5D%2C%5B%22H%22%2C1%2C1%2C%22%E2%80%A2%22%5D%2C%5B1%2C1%2C1%2C1%2C1%2C%22%E2%80%A2%22%2C1%2C%22Y%22%5D%5D%7D","-- / 0",""
"2024/06/12 11:54:19 a. m. EEST","5.00 / 8","QServ001","-- / 0","","50.0","1.00 / 1","","0.0","0.00 / 1","","0.0","0.00 / 1","","0.0","1.00 / 1","","25.0","1.00 / 1","","25.0","0.00 / 1","","0.0","1.00 / 1","","0.0","1.00 / 1","","https://algassert.com/quirk#circuit=%7B%22cols%22%3A%5B%5B1%2C1%2C1%2C1%2C1%2C1%2C%22H%22%5D%2C%5B1%2C%22%E2%80%A2%22%2C1%2C1%2C1%2C%22X%22%5D%2C%5B1%2C1%2C1%2C%22H%22%2C1%2C1%2C%22%E2%80%A2%22%5D%2C%5B1%2C1%2C1%2C1%2C1%2C%22%E2%80%A2%22%2C%22Y%22%5D%2C%5B%22Y%22%2C1%2C1%2C1%2C1%2C1%2C%22%E2%80%A2%22%5D%2C%5B%22Swap%22%2C1%2C1%2C%22Swap%22%5D%2C%5B1%2C%22%E2%80%A2%22%2C1%2C%22Z%5E%C2%BD%22%5D%2C%5B1%2C1%2C1%2C%22Z%22%2C1%2C1%2C%22%E2%80%A2%22%5D%2C%5B1%2C1%2C1%2C%22%E2%80%A2%22%2C1%2C1%2C%22X%22%5D%2C%5B1%2C1%2C1%2C%22Swap%22%2C1%2C1%2C%22Swap%22%5D%2C%5B%22%E2%80%A2%22%2C1%2C1%2C%22Z%5E%C2%BD%22%5D%2C%5B1%2C1%2C1%2C%22H%22%2C1%2C%22%E2%80%A2%22%5D%2C%5B%22%E2%80%A2%22%2C1%2C1%2C1%2C%22Z%22%5D%2C%5B1%2C1%2C%22H%22%2C%22%E2%80%A2%22%5D%5D%7D","-- / 0",""
"2024/06/12 1:07:43 p. m. EEST","3.00 / 8","QServ008","-- / 0","","0.0","0.00 / 1","","0.0","0.00 / 1","","0.0","0.00 / 1","","0.0","1.00 / 1","","0.0","0.00 / 1","","50.0","0.00 / 1","","0.0","1.00 / 1","","0.0","1.00 / 1","","https://algassert.com/quirk#circuit=%7B%22cols%22%3A%5B%5B1%2C1%2C1%2C1%2C1%2C1%2C%22H%22%5D%2C%5B1%2C%22%E2%80%A2%22%2C1%2C1%2C1%2C%22X%22%5D%2C%5B1%2C1%2C1%2C%22H%22%2C1%2C1%2C%22%E2%80%A2%22%5D%2C%5B1%2C1%2C1%2C%22%E2%80%A2%22%2C1%2C1%2C%22H%22%5D%2C%5B1%2C1%2C1%2C1%2C1%2C%22Y%22%2C%22%E2%80%A2%22%5D%2C%5B1%2C1%2C1%2C1%2C1%2C1%2C%22Y%22%5D%2C%5B%22Swap%22%2C1%2C1%2C%22Swap%22%5D%2C%5B1%2C%22%E2%80%A2%22%2C1%2C%22Z%5E%C2%BD%22%5D%2C%5B1%2C1%2C1%2C%22Z%22%2C1%2C1%2C%22%E2%80%A2%22%5D%2C%5B1%2C1%2C1%2C%22X%22%2C1%2C1%2C%22%E2%80%A2%22%5D%2C%5B%22Swap%22%2C1%2C1%2C%22Swap%22%5D%2C%5B%22%E2%80%A2%22%2C1%2C1%2C%22Z%5E%C2%BD%22%5D%2C%5B1%2C1%2C1%2C%22H%22%2C1%2C%22%E2%80%A2%22%5D%2C%5B%22%E2%80%A2%22%2C1%2C1%2C1%2C%22Z%22%5D%2C%5B1%2C1%2C%22H%22%2C%22%E2%80%A2%22%5D%2C%5B1%2C1%2C%22Measure%22%5D%2C%5B1%2C1%2C1%2C1%2C1%2C1%2C%22Measure%22%5D%5D%7D","-- / 0",""