"Marca temporal","Puntuación total","Enter your experimental ID","Enter your experimental ID [Puntuación]","Enter your experimental ID [Comentarios]","Which is the percentage value of mag^2 for the state 64 (decimal)? (e.g., 32.7)","Which is the percentage value of mag^2 for the state 64 (decimal)? (e.g., 32.7) [Puntuación]","Which is the percentage value of mag^2 for the state 64 (decimal)? (e.g., 32.7) [Comentarios]","Which is the percentage value of mag^2 for the state 456 (decimal)? (e.g., 32.7)","Which is the percentage value of mag^2 for the state 456 (decimal)? (e.g., 32.7) [Puntuación]","Which is the percentage value of mag^2 for the state 456 (decimal)? (e.g., 32.7) [Comentarios]","Which is the percentage value of mag^2 for the state 972 (decimal)? (e.g., 32.7)","Which is the percentage value of mag^2 for the state 972 (decimal)? (e.g., 32.7) [Puntuación]","Which is the percentage value of mag^2 for the state 972 (decimal)? (e.g., 32.7) [Comentarios]","Which is the percentage value of mag^2 for the state 2190 (decimal)>? (e.g., 32.7)","Which is the percentage value of mag^2 for the state 2190 (decimal)>? (e.g., 32.7) [Puntuación]","Which is the percentage value of mag^2 for the state 2190 (decimal)>? (e.g., 32.7) [Comentarios]","Which is the percentage value of mag^2 for the state 3401 (decimal)>? (e.g., 32.7)","Which is the percentage value of mag^2 for the state 3401 (decimal)>? (e.g., 32.7) [Puntuación]","Which is the percentage value of mag^2 for the state 3401 (decimal)>? (e.g., 32.7) [Comentarios]","Which is the percentage value of mag^2 for the state 4236 (decimal)? (e.g., 32.7)","Which is the percentage value of mag^2 for the state 4236 (decimal)? (e.g., 32.7) [Puntuación]","Which is the percentage value of mag^2 for the state 4236 (decimal)? (e.g., 32.7) [Comentarios]","Which is the percentage value of mag^2 for the state 5998 (decimal)? (e.g., 32.7)","Which is the percentage value of mag^2 for the state 5998 (decimal)? (e.g., 32.7) [Puntuación]","Which is the percentage value of mag^2 for the state 5998 (decimal)? (e.g., 32.7) [Comentarios]","Which is the percentage value of mag^2 for the state 7457 (decimal)? (e.g., 32.7)","Which is the percentage value of mag^2 for the state 7457 (decimal)? (e.g., 32.7) [Puntuación]","Which is the percentage value of mag^2 for the state 7457 (decimal)? (e.g., 32.7) [Comentarios]","Copy the code of the circuit created (Export button, then 'Copy to clipboard' under 'Escaped Link')","Copy the code of the circuit created (Export button, then 'Copy to clipboard' under 'Escaped Link') [Puntuación]","Copy the code of the circuit created (Export button, then 'Copy to clipboard' under 'Escaped Link') [Comentarios]"
"2024/05/21 1:14:26 p. m. EEST","8.00 / 8","Bari003","-- / 0","","3.125","1.00 / 1","","1.5625","1.00 / 1","","1.5625","1.00 / 1","","0","1.00 / 1","","0","1.00 / 1","","1.5625","1.00 / 1","","0","1.00 / 1","","0","1.00 / 1","","https://algassert.com/quirk#circuit=%7B%22cols%22%3A%5B%5B1%2C1%2C1%2C%22H%22%2C1%2C1%2C%22H%22%2C1%2C%22H%22%2C%22H%22%2C1%2C1%2C%22H%22%5D%2C%5B1%2C1%2C1%2C%22H%22%2C1%2C1%2C1%2C%22%E2%80%A2%22%5D%2C%5B1%2C1%2C1%2C1%2C1%2C1%2C1%2C1%2C1%2C1%2C%22%E2%80%A2%22%2C%22%E2%80%A2%22%2C%22X%22%5D%2C%5B%22X%22%2C1%2C1%2C%22%E2%80%A2%22%2C%22%E2%80%A2%22%5D%2C%5B1%2C%22%E2%80%A2%22%2C1%2C%22%E2%80%A2%22%2C1%2C1%2C%22X%22%5D%2C%5B%22%E2%80%A2%22%2C1%2C1%2C%22%E2%80%A2%22%2C1%2C1%2C1%2C%22X%22%5D%2C%5B1%2C%22%E2%80%A2%22%2C1%2C%22Z%5E%C2%BD%22%5D%2C%5B1%2C1%2C1%2C%22Z%22%2C1%2C1%2C1%2C%22%E2%80%A2%22%5D%2C%5B1%2C1%2C1%2C%22%E2%80%A2%22%2C1%2C1%2C1%2C%22X%22%5D%2C%5B1%2C1%2C1%2C%22Swap%22%2C1%2C1%2C1%2C%22Swap%22%5D%2C%5B1%2C1%2C1%2C%22H%22%2C1%2C%22%E2%80%A2%22%5D%2C%5B1%2C1%2C%22H%22%2C%22%E2%80%A2%22%5D%2C%5B1%2C1%2C1%2C1%2C1%2C%22%E2%80%A2%22%2C%22%E2%80%A2%22%2C%22X%22%5D%2C%5B1%2C1%2C%22Measure%22%2C%22Measure%22%2C1%2C1%2C1%2C%22Measure%22%2C%22Measure%22%2C%22Measure%22%2C1%2C1%2C%22Measure%22%5D%5D%7D","-- / 0",""
"2024/05/21 1:18:29 p. m. EEST","4.00 / 8","Bari012","-- / 0","","6.25","0.00 / 1","","0.00","0.00 / 1","","0.00","0.00 / 1","","0.00","1.00 / 1","","0.00","1.00 / 1","","0.00","0.00 / 1","","0.00","1.00 / 1","","0.00","1.00 / 1","","https://algassert.com/quirk#circuit=%7B%22cols%22%3A%5B%5B1%2C1%2C1%2C1%2C1%2C1%2C%22H%22%2C1%2C%22H%22%2C%22H%22%2C1%2C1%2C%22H%22%5D%2C%5B1%2C1%2C1%2C%22H%22%2C1%2C1%2C1%2C%22%E2%80%A2%22%5D%2C%5B1%2C1%2C1%2C1%2C1%2C1%2C1%2C1%2C1%2C1%2C%22%E2%80%A2%22%2C%22%E2%80%A2%22%2C%22X%22%5D%2C%5B%22X%22%2C1%2C1%2C%22%E2%80%A2%22%2C%22%E2%80%A2%22%5D%2C%5B1%2C%22%E2%80%A2%22%2C1%2C%22%E2%80%A2%22%2C1%2C%22X%22%5D%2C%5B%22%E2%80%A2%22%2C1%2C1%2C%22%E2%80%A2%22%2C1%2C1%2C1%2C%22X%22%5D%2C%5B1%2C%22%E2%80%A2%22%2C1%2C%22Z%5E%C2%BD%22%5D%2C%5B1%2C1%2C1%2C%22Z%22%2C1%2C1%2C1%2C%22%E2%80%A2%22%5D%2C%5B1%2C1%2C1%2C%22%E2%80%A2%22%2C1%2C1%2C1%2C%22X%22%5D%2C%5B1%2C1%2C1%2C%22Swap%22%2C1%2C1%2C1%2C%22Swap%22%5D%2C%5B1%2C1%2C1%2C%22H%22%2C1%2C%22%E2%80%A2%22%5D%2C%5B1%2C1%2C%22H%22%2C%22%E2%80%A2%22%5D%2C%5B1%2C1%2C1%2C1%2C1%2C%22%E2%80%A2%22%2C%22%E2%80%A2%22%2C%22X%22%5D%5D%7D","-- / 0",""
"2024/05/21 1:19:54 p. m. EEST","8.00 / 8","Bari017","-- / 0","","3.1250","1.00 / 1","","1.5625","1.00 / 1","","1.5625","1.00 / 1","","0","1.00 / 1","","0","1.00 / 1","","1.5625","1.00 / 1","","0","1.00 / 1","","0","1.00 / 1","","https://algassert.com/quirk#circuit=%7B%22cols%22%3A%5B%5B1%2C1%2C1%2C%22H%22%2C1%2C1%2C%22H%22%2C1%2C%22H%22%2C%22H%22%2C1%2C1%2C%22H%22%5D%2C%5B1%2C1%2C1%2C%22H%22%2C1%2C1%2C1%2C%22%E2%80%A2%22%5D%2C%5B1%2C1%2C1%2C1%2C1%2C1%2C1%2C1%2C1%2C%22%E2%80%A2%22%2C%22%E2%80%A2%22%2C%22X%22%5D%2C%5B%22X%22%2C1%2C1%2C%22%E2%80%A2%22%2C%22%E2%80%A2%22%5D%2C%5B1%2C%22%E2%80%A2%22%2C1%2C%22%E2%80%A2%22%2C1%2C1%2C%22X%22%5D%2C%5B%22%E2%80%A2%22%2C1%2C1%2C%22%E2%80%A2%22%2C1%2C1%2C1%2C%22X%22%5D%2C%5B1%2C%22%E2%80%A2%22%2C1%2C%22Z%5E%C2%BD%22%5D%2C%5B1%2C1%2C1%2C%22Z%22%2C1%2C1%2C1%2C%22%E2%80%A2%22%5D%2C%5B1%2C1%2C1%2C%22%E2%80%A2%22%2C1%2C1%2C1%2C%22X%22%5D%2C%5B1%2C1%2C1%2C%22Swap%22%2C1%2C1%2C1%2C%22Swap%22%5D%2C%5B1%2C1%2C1%2C%22H%22%2C1%2C%22%E2%80%A2%22%5D%2C%5B1%2C1%2C%22H%22%2C%22%E2%80%A2%22%5D%2C%5B1%2C1%2C1%2C1%2C1%2C%22%E2%80%A2%22%2C%22%E2%80%A2%22%2C%22X%22%5D%5D%7D","-- / 0",""
"2024/05/21 1:25:21 p. m. EEST","4.00 / 8","Bari010","-- / 0","","6.25","0.00 / 1","","0","0.00 / 1","","0","0.00 / 1","","0","1.00 / 1","","0","1.00 / 1","","0","0.00 / 1","","0","1.00 / 1","","0","1.00 / 1","","https://algassert.com/quirk#circuit=%7B%22cols%22%3A%5B%5B1%2C1%2C1%2C%22H%22%2C1%2C1%2C1%2C%22%E2%80%A2%22%5D%2C%5B1%2C1%2C1%2C1%2C1%2C1%2C%22H%22%2C1%2C%22H%22%2C%22H%22%2C1%2C1%2C%22H%22%5D%2C%5B1%2C1%2C1%2C1%2C1%2C1%2C1%2C1%2C1%2C1%2C%22%E2%80%A2%22%2C%22%E2%80%A2%22%2C%22X%22%5D%2C%5B%22X%22%2C1%2C1%2C%22%E2%80%A2%22%2C%22%E2%80%A2%22%5D%2C%5B1%2C%22%E2%80%A2%22%2C1%2C%22%E2%80%A2%22%2C1%2C1%2C%22X%22%5D%2C%5B%22%E2%80%A2%22%2C1%2C1%2C%22%E2%80%A2%22%2C1%2C1%2C1%2C%22X%22%5D%2C%5B1%2C%22%E2%80%A2%22%2C1%2C%22Z%5E%C2%BD%22%5D%2C%5B1%2C1%2C1%2C%22Z%22%2C1%2C1%2C1%2C%22%E2%80%A2%22%5D%2C%5B1%2C1%2C1%2C%22%E2%80%A2%22%2C1%2C1%2C1%2C%22X%22%5D%2C%5B1%2C1%2C1%2C%22Swap%22%2C1%2C1%2C1%2C%22Swap%22%5D%2C%5B1%2C1%2C1%2C%22H%22%2C1%2C%22%E2%80%A2%22%5D%2C%5B1%2C1%2C%22H%22%2C%22%E2%80%A2%22%5D%2C%5B1%2C1%2C1%2C1%2C1%2C%22%E2%80%A2%22%2C%22%E2%80%A2%22%2C%22X%22%5D%5D%7D","-- / 0",""
"2024/05/21 1:32:36 p. m. EEST","8.00 / 8","Bari001","-- / 0","","3.125","1.00 / 1","","1.5625","1.00 / 1","","1.5625","1.00 / 1","","0.0","1.00 / 1","","0.0","1.00 / 1","","1.5625","1.00 / 1","","0.0","1.00 / 1","","0.0","1.00 / 1","","https://algassert.com/quirk#circuit=%7B%22cols%22%3A%5B%5B1%2C1%2C1%2C%22H%22%2C1%2C1%2C%22H%22%2C1%2C%22H%22%2C%22H%22%2C1%2C1%2C%22H%22%5D%2C%5B1%2C1%2C1%2C%22H%22%2C1%2C1%2C1%2C%22%E2%80%A2%22%2C1%2C1%2C1%2C1%2C1%2C%22%E2%80%A6%22%5D%2C%5B1%2C1%2C1%2C1%2C1%2C1%2C1%2C1%2C1%2C1%2C%22%E2%80%A2%22%2C%22%E2%80%A2%22%2C%22X%22%5D%2C%5B%22X%22%2C1%2C1%2C%22%E2%80%A2%22%2C%22%E2%80%A2%22%5D%2C%5B1%2C%22%E2%80%A2%22%2C1%2C%22%E2%80%A2%22%2C1%2C1%2C%22X%22%5D%2C%5B%22%E2%80%A2%22%2C1%2C1%2C%22%E2%80%A2%22%2C1%2C1%2C1%2C%22X%22%5D%2C%5B1%2C%22%E2%80%A2%22%2C1%2C%22Z%5E%C2%BD%22%5D%2C%5B1%2C1%2C1%2C%22Z%22%2C1%2C1%2C1%2C%22%E2%80%A2%22%5D%2C%5B1%2C1%2C1%2C%22%E2%80%A2%22%2C1%2C1%2C1%2C%22X%22%5D%2C%5B1%2C1%2C1%2C%22Swap%22%2C1%2C1%2C1%2C%22Swap%22%5D%2C%5B1%2C1%2C1%2C%22H%22%2C1%2C%22%E2%80%A2%22%5D%2C%5B1%2C1%2C%22H%22%2C%22%E2%80%A2%22%5D%2C%5B1%2C1%2C1%2C1%2C1%2C%22%E2%80%A2%22%2C%22%E2%80%A2%22%2C%22X%22%5D%5D%7D","-- / 0",""
"2024/05/21 1:34:12 p. m. EEST","8.00 / 8","Bari015","-- / 0","","3.125","1.00 / 1","","1.5625","1.00 / 1","","1.5625","1.00 / 1","","0","1.00 / 1","","0","1.00 / 1","","1.5625","1.00 / 1","","0","1.00 / 1","","0","1.00 / 1","","https://algassert.com/quirk#circuit=%7B%22cols%22%3A%5B%5B1%2C1%2C1%2C%22H%22%5D%2C%5B1%2C1%2C1%2C1%2C1%2C1%2C1%2C1%2C1%2C%22H%22%5D%2C%5B1%2C1%2C1%2C1%2C1%2C1%2C1%2C1%2C1%2C1%2C1%2C1%2C%22H%22%5D%2C%5B1%2C1%2C1%2C1%2C1%2C1%2C%22H%22%5D%2C%5B1%2C1%2C1%2C1%2C1%2C1%2C1%2C1%2C%22H%22%5D%2C%5B1%2C1%2C1%2C%22H%22%2C1%2C1%2C1%2C%22%E2%80%A2%22%5D%2C%5B1%2C1%2C1%2C1%2C1%2C1%2C1%2C1%2C1%2C1%2C%22%E2%80%A2%22%2C%22%E2%80%A2%22%2C%22X%22%5D%2C%5B%22X%22%2C1%2C1%2C%22%E2%80%A2%22%2C%22%E2%80%A2%22%5D%2C%5B1%2C%22%E2%80%A2%22%2C1%2C%22%E2%80%A2%22%2C1%2C1%2C%22X%22%5D%2C%5B%22%E2%80%A2%22%2C1%2C1%2C%22%E2%80%A2%22%2C1%2C1%2C1%2C%22X%22%5D%2C%5B1%2C%22%E2%80%A2%22%2C1%2C%22Z%5E%C2%BD%22%5D%2C%5B1%2C1%2C1%2C%22Z%22%2C1%2C1%2C1%2C%22%E2%80%A2%22%5D%2C%5B1%2C1%2C1%2C%22%E2%80%A2%22%2C1%2C1%2C1%2C%22X%22%5D%2C%5B1%2C1%2C1%2C%22Swap%22%2C1%2C1%2C1%2C%22Swap%22%5D%2C%5B1%2C1%2C1%2C%22H%22%2C1%2C%22%E2%80%A2%22%5D%2C%5B1%2C1%2C%22H%22%2C%22%E2%80%A2%22%5D%2C%5B1%2C1%2C1%2C1%2C1%2C%22%E2%80%A2%22%2C%22%E2%80%A2%22%2C%22X%22%5D%5D%7D","-- / 0",""
"2024/05/21 1:40:53 p. m. EEST","8.00 / 8","Bari007","-- / 0","","3.125","1.00 / 1","","1.5625","1.00 / 1","","1.5625","1.00 / 1","","0","1.00 / 1","","0","1.00 / 1","","1.5625","1.00 / 1","","0","1.00 / 1","","0","1.00 / 1","","https://algassert.com/quirk#circuit=%7B%22cols%22%3A%5B%5B1%2C1%2C1%2C%22H%22%5D%2C%5B1%2C1%2C1%2C1%2C1%2C1%2C1%2C1%2C1%2C%22H%22%5D%2C%5B1%2C1%2C1%2C1%2C1%2C1%2C%22H%22%2C1%2C1%2C1%2C1%2C1%2C%22H%22%5D%2C%5B1%2C1%2C1%2C1%2C1%2C1%2C1%2C1%2C%22H%22%5D%2C%5B1%2C1%2C1%2C%22H%22%2C1%2C1%2C1%2C%22%E2%80%A2%22%5D%2C%5B1%2C1%2C1%2C1%2C1%2C1%2C1%2C1%2C1%2C1%2C%22%E2%80%A2%22%2C%22%E2%80%A2%22%2C%22X%22%5D%2C%5B%22X%22%2C1%2C1%2C%22%E2%80%A2%22%2C%22%E2%80%A2%22%5D%2C%5B1%2C%22%E2%80%A2%22%2C1%2C%22%E2%80%A2%22%2C1%2C1%2C%22X%22%5D%2C%5B%22%E2%80%A2%22%2C1%2C1%2C%22%E2%80%A2%22%2C1%2C1%2C1%2C%22X%22%5D%2C%5B1%2C%22%E2%80%A2%22%2C1%2C%22Z%5E%C2%BD%22%5D%2C%5B1%2C1%2C1%2C%22Z%22%2C1%2C1%2C1%2C%22%E2%80%A2%22%5D%2C%5B1%2C1%2C1%2C%22%E2%80%A2%22%2C1%2C1%2C1%2C%22X%22%5D%2C%5B1%2C1%2C1%2C%22Swap%22%2C1%2C1%2C1%2C%22Swap%22%5D%2C%5B1%2C1%2C1%2C%22H%22%2C1%2C%22%E2%80%A2%22%5D%2C%5B1%2C1%2C%22H%22%2C%22%E2%80%A2%22%5D%2C%5B1%2C1%2C1%2C1%2C1%2C%22%E2%80%A2%22%2C%22%E2%80%A2%22%2C%22X%22%5D%5D%7D","-- / 0",""
"2024/05/21 1:40:54 p. m. EEST","8.00 / 8","Bari006","-- / 0","","3.1250","1.00 / 1","","1.5625","1.00 / 1","","1.5625","1.00 / 1","","0","1.00 / 1","","0","1.00 / 1","","1.5625","1.00 / 1","","0","1.00 / 1","","0","1.00 / 1","","https://algassert.com/quirk#circuit=%7B%22cols%22%3A%5B%5B1%2C1%2C1%2C%22H%22%2C1%2C1%2C%22H%22%2C1%2C%22H%22%2C%22H%22%2C1%2C1%2C%22H%22%5D%2C%5B1%2C1%2C1%2C%22H%22%2C1%2C1%2C1%2C%22%E2%80%A2%22%5D%2C%5B1%2C1%2C1%2C1%2C1%2C1%2C1%2C1%2C1%2C1%2C%22%E2%80%A2%22%2C%22%E2%80%A2%22%2C%22X%22%5D%2C%5B%22X%22%2C1%2C1%2C%22%E2%80%A2%22%2C%22%E2%80%A2%22%5D%2C%5B1%2C%22%E2%80%A2%22%2C1%2C%22%E2%80%A2%22%2C1%2C1%2C%22X%22%5D%2C%5B%22%E2%80%A2%22%2C1%2C1%2C%22%E2%80%A2%22%2C1%2C1%2C1%2C%22X%22%5D%2C%5B1%2C%22%E2%80%A2%22%2C1%2C%22Z%5E%C2%BD%22%5D%2C%5B1%2C1%2C1%2C%22Z%22%2C1%2C1%2C1%2C%22%E2%80%A2%22%5D%2C%5B1%2C1%2C1%2C%22%E2%80%A2%22%2C1%2C1%2C1%2C%22X%22%5D%2C%5B1%2C1%2C1%2C%22Swap%22%2C1%2C1%2C1%2C%22Swap%22%5D%2C%5B1%2C1%2C1%2C%22H%22%2C1%2C%22%E2%80%A2%22%5D%2C%5B1%2C1%2C%22H%22%2C%22%E2%80%A2%22%5D%2C%5B1%2C1%2C1%2C1%2C1%2C%22%E2%80%A2%22%2C%22%E2%80%A2%22%2C%22X%22%5D%5D%7D","-- / 0",""
"2024/05/21 1:46:46 p. m. EEST","8.00 / 8","Bari004","-- / 0","","3.1250","1.00 / 1","","1.5625","1.00 / 1","","1.5625","1.00 / 1","","0.0","1.00 / 1","","0.0","1.00 / 1","","1.5625","1.00 / 1","","0.0","1.00 / 1","","0.0","1.00 / 1","","https://algassert.com/quirk#circuit=%7B%22cols%22%3A%5B%5B1%2C1%2C1%2C%22H%22%2C1%2C1%2C%22H%22%2C1%2C%22H%22%2C%22H%22%2C1%2C1%2C%22H%22%5D%2C%5B1%2C1%2C1%2C%22H%22%2C1%2C1%2C1%2C%22%E2%80%A2%22%5D%2C%5B1%2C1%2C1%2C1%2C1%2C1%2C1%2C1%2C1%2C1%2C%22%E2%80%A2%22%2C%22%E2%80%A2%22%2C%22X%22%5D%2C%5B%22X%22%2C1%2C1%2C%22%E2%80%A2%22%2C%22%E2%80%A2%22%5D%2C%5B1%2C%22%E2%80%A2%22%2C1%2C%22%E2%80%A2%22%2C1%2C1%2C%22X%22%5D%2C%5B%22%E2%80%A2%22%2C1%2C1%2C%22%E2%80%A2%22%2C1%2C1%2C1%2C%22X%22%5D%2C%5B1%2C%22%E2%80%A2%22%2C1%2C%22Z%5E%C2%BD%22%5D%2C%5B1%2C1%2C1%2C%22Z%22%2C1%2C1%2C1%2C%22%E2%80%A2%22%5D%2C%5B1%2C1%2C1%2C%22%E2%80%A2%22%2C1%2C1%2C1%2C%22X%22%5D%2C%5B1%2C1%2C1%2C%22Swap%22%2C1%2C1%2C1%2C%22Swap%22%5D%2C%5B1%2C1%2C1%2C%22H%22%2C1%2C%22%E2%80%A2%22%5D%2C%5B1%2C1%2C%22H%22%2C%22%E2%80%A2%22%5D%2C%5B1%2C1%2C1%2C1%2C1%2C%22%E2%80%A2%22%2C%22%E2%80%A2%22%2C%22X%22%5D%5D%7D","-- / 0",""
"2024/05/21 1:47:04 p. m. EEST","8.00 / 8","Bari013","-- / 0","","3.125","1.00 / 1","","1.5625","1.00 / 1","","1.5625","1.00 / 1","","0","1.00 / 1","","0","1.00 / 1","","1.5625","1.00 / 1","","0","1.00 / 1","","0","1.00 / 1","","https://algassert.com/quirk#circuit=%7B%22cols%22%3A%5B%5B1%2C1%2C1%2C%22H%22%5D%2C%5B1%2C1%2C1%2C1%2C1%2C1%2C1%2C1%2C1%2C%22H%22%5D%2C%5B1%2C1%2C1%2C1%2C1%2C1%2C1%2C1%2C1%2C1%2C1%2C1%2C%22H%22%5D%2C%5B1%2C1%2C1%2C1%2C1%2C1%2C%22H%22%5D%2C%5B1%2C1%2C1%2C1%2C1%2C1%2C1%2C1%2C%22H%22%5D%2C%5B1%2C1%2C1%2C%22H%22%2C1%2C1%2C1%2C%22%E2%80%A2%22%5D%2C%5B1%2C1%2C1%2C1%2C1%2C1%2C1%2C1%2C1%2C1%2C%22%E2%80%A2%22%2C%22%E2%80%A2%22%2C%22X%22%5D%2C%5B%22X%22%2C1%2C1%2C%22%E2%80%A2%22%2C%22%E2%80%A2%22%5D%2C%5B1%2C%22%E2%80%A2%22%2C1%2C%22%E2%80%A2%22%2C1%2C1%2C%22X%22%5D%2C%5B%22%E2%80%A2%22%2C1%2C1%2C%22%E2%80%A2%22%2C1%2C1%2C1%2C%22X%22%5D%2C%5B1%2C%22%E2%80%A2%22%2C1%2C%22Z%5E%C2%BD%22%5D%2C%5B1%2C1%2C1%2C%22Z%22%2C1%2C1%2C1%2C%22%E2%80%A2%22%5D%2C%5B1%2C1%2C1%2C%22%E2%80%A2%22%2C1%2C1%2C1%2C%22X%22%5D%2C%5B1%2C1%2C1%2C%22Swap%22%2C1%2C1%2C1%2C%22Swap%22%5D%2C%5B1%2C1%2C1%2C%22H%22%2C1%2C%22%E2%80%A2%22%5D%2C%5B1%2C1%2C%22H%22%2C%22%E2%80%A2%22%5D%2C%5B1%2C1%2C1%2C1%2C1%2C%22%E2%80%A2%22%2C%22%E2%80%A2%22%2C%22X%22%5D%5D%7D","-- / 0",""
"2024/05/21 1:48:13 p. m. EEST","8.00 / 8","Bari018","-- / 0","","3.125","1.00 / 1","","1.5625","1.00 / 1","","1.5625","1.00 / 1","","0","1.00 / 1","","0","1.00 / 1","","1.5625","1.00 / 1","","0","1.00 / 1","","0","1.00 / 1","","https://algassert.com/quirk#circuit=%7B%22cols%22%3A%5B%5B1%2C1%2C1%2C%22H%22%2C1%2C1%2C%22H%22%2C1%2C%22H%22%2C%22H%22%2C1%2C1%2C%22H%22%5D%2C%5B1%2C1%2C1%2C%22H%22%2C1%2C1%2C1%2C%22%E2%80%A2%22%5D%2C%5B1%2C1%2C1%2C1%2C1%2C1%2C1%2C1%2C1%2C1%2C%22%E2%80%A2%22%2C%22%E2%80%A2%22%2C%22X%22%5D%2C%5B%22X%22%2C1%2C%22%E2%80%A2%22%2C%22%E2%80%A2%22%5D%2C%5B1%2C%22%E2%80%A2%22%2C1%2C%22%E2%80%A2%22%2C1%2C1%2C%22X%22%5D%2C%5B%22%E2%80%A2%22%2C1%2C1%2C%22%E2%80%A2%22%2C1%2C1%2C1%2C%22X%22%5D%2C%5B1%2C%22%E2%80%A2%22%2C1%2C%22X%22%5D%2C%5B1%2C1%2C1%2C%22Z%22%2C1%2C1%2C1%2C%22%E2%80%A2%22%5D%2C%5B1%2C1%2C1%2C%22%E2%80%A2%22%2C1%2C1%2C1%2C%22X%22%5D%2C%5B1%2C1%2C1%2C%22Swap%22%2C1%2C1%2C1%2C%22Swap%22%5D%2C%5B1%2C1%2C1%2C%22H%22%2C1%2C%22%E2%80%A2%22%5D%2C%5B1%2C1%2C%22H%22%2C%22%E2%80%A2%22%5D%2C%5B1%2C1%2C1%2C1%2C1%2C%22%E2%80%A2%22%2C%22%E2%80%A2%22%2C%22X%22%5D%5D%7D","-- / 0",""
"2024/05/21 1:48:23 p. m. EEST","7.00 / 8","Bari014","-- / 0","","3.12","1.00 / 1","","1.56","1.00 / 1","","1.56","1.00 / 1","","0","1.00 / 1","","0","1.00 / 1","","0","0.00 / 1","","0","1.00 / 1","","0","1.00 / 1","","https://algassert.com/quirk#circuit=%7B%22cols%22%3A%5B%5B1%2C1%2C1%2C%22H%22%2C1%2C1%2C%22H%22%2C1%2C%22H%22%2C%22H%22%2C1%2C1%2C%22H%22%5D%2C%5B1%2C1%2C1%2C%22H%22%2C1%2C1%2C1%2C%22%E2%80%A2%22%5D%2C%5B1%2C1%2C1%2C1%2C1%2C1%2C1%2C1%2C1%2C1%2C%22%E2%80%A2%22%2C%22%E2%80%A2%22%2C%22X%22%5D%2C%5B%22X%22%2C1%2C1%2C%22%E2%80%A2%22%2C%22%E2%80%A2%22%5D%2C%5B1%2C%22%E2%80%A2%22%2C1%2C%22%E2%80%A2%22%2C1%2C%22X%22%5D%2C%5B%22%E2%80%A2%22%2C1%2C1%2C%22%E2%80%A2%22%2C1%2C1%2C1%2C%22X%22%5D%2C%5B1%2C%22%E2%80%A2%22%2C1%2C%22Z%5E%C2%BD%22%5D%2C%5B1%2C1%2C1%2C%22Z%22%2C1%2C1%2C1%2C%22%E2%80%A2%22%5D%2C%5B1%2C1%2C1%2C%22%E2%80%A2%22%2C1%2C1%2C1%2C%22X%22%5D%2C%5B1%2C1%2C1%2C%22Swap%22%2C1%2C1%2C1%2C%22Swap%22%5D%2C%5B1%2C1%2C1%2C%22H%22%2C1%2C%22%E2%80%A2%22%5D%2C%5B1%2C1%2C%22H%22%2C%22%E2%80%A2%22%5D%2C%5B1%2C1%2C1%2C1%2C1%2C%22%E2%80%A2%22%2C%22%E2%80%A2%22%2C%22X%22%5D%5D%7D","-- / 0",""
"2024/05/21 1:51:10 p. m. EEST","8.00 / 8","Bari016","-- / 0","","3.125","1.00 / 1","","1.5625","1.00 / 1","","1.5625","1.00 / 1","","0","1.00 / 1","","0","1.00 / 1","","1.5625","1.00 / 1","","0","1.00 / 1","","0","1.00 / 1","","https://algassert.com/quirk#circuit=%7B%22cols%22%3A%5B%5B1%2C1%2C1%2C%22H%22%5D%2C%5B1%2C1%2C1%2C1%2C1%2C1%2C1%2C1%2C1%2C%22H%22%5D%2C%5B1%2C1%2C1%2C1%2C1%2C1%2C1%2C1%2C1%2C1%2C1%2C1%2C%22H%22%5D%2C%5B1%2C1%2C1%2C1%2C1%2C1%2C%22H%22%5D%2C%5B1%2C1%2C1%2C1%2C1%2C1%2C1%2C1%2C%22H%22%5D%2C%5B1%2C1%2C1%2C%22H%22%2C1%2C1%2C1%2C%22%E2%80%A2%22%5D%2C%5B1%2C1%2C1%2C1%2C1%2C1%2C1%2C1%2C1%2C1%2C%22%E2%80%A2%22%2C%22%E2%80%A2%22%2C%22X%22%5D%2C%5B%22X%22%2C1%2C1%2C%22%E2%80%A2%22%2C%22%E2%80%A2%22%5D%2C%5B1%2C%22%E2%80%A2%22%2C1%2C%22%E2%80%A2%22%2C1%2C1%2C%22X%22%5D%2C%5B%22%E2%80%A2%22%2C1%2C1%2C%22%E2%80%A2%22%2C1%2C1%2C1%2C%22X%22%5D%2C%5B1%2C%22%E2%80%A2%22%2C1%2C%22Z%5E%C2%BD%22%5D%2C%5B1%2C1%2C1%2C%22Z%22%2C1%2C1%2C1%2C%22%E2%80%A2%22%5D%2C%5B1%2C1%2C1%2C%22%E2%80%A2%22%2C1%2C1%2C1%2C%22X%22%5D%2C%5B1%2C1%2C1%2C%22Swap%22%2C1%2C1%2C1%2C%22Swap%22%5D%2C%5B1%2C1%2C1%2C%22H%22%2C1%2C%22%E2%80%A2%22%5D%2C%5B1%2C1%2C%22H%22%2C%22%E2%80%A2%22%5D%2C%5B1%2C1%2C1%2C1%2C1%2C%22%E2%80%A2%22%2C%22%E2%80%A2%22%2C%22X%22%5D%5D%7D","-- / 0",""
"2024/05/21 1:52:09 p. m. EEST","8.00 / 8","Bari005","-- / 0","","3.1","1.00 / 1","","1.5","1.00 / 1","","1.5","1.00 / 1","","0.0","1.00 / 1","","0.0","1.00 / 1","","1.5","1.00 / 1","","0.0","1.00 / 1","","0.0","1.00 / 1","","{
  ""cols"": [
    [
      1,
      1,
      1,
      ""H""
    ],
    [
      1,
      1,
      1,
      1,
      1,
      1,
      1,
      1,
      1,
      ""H""
    ],
    [
      1,
      1,
      1,
      1,
      1,
      1,
      1,
      1,
      1,
      1,
      1,
      1,
      ""H""
    ],
    [
      1,
      1,
      1,
      1,
      1,
      1,
      ""H""
    ],
    [
      1,
      1,
      1,
      1,
      1,
      1,
      1,
      1,
      ""H""
    ],
    [
      1,
      1,
      1,
      ""H"",
      1,
      1,
      1,
      ""•""
    ],
    [
      1,
      1,
      1,
      1,
      1,
      1,
      1,
      1,
      1,
      1,
      ""•"",
      ""•"",
      ""X""
    ],
    [
      ""X"",
      1,
      1,
      ""•"",
      ""•""
    ],
    [
      1,
      ""•"",
      1,
      ""•"",
      1,
      1,
      ""X""
    ],
    [
      ""•"",
      1,
      1,
      ""•"",
      1,
      1,
      1,
      ""X""
    ],
    [
      1,
      ""•"",
      1,
      ""Z^½""
    ],
    [
      1,
      1,
      1,
      ""Z"",
      1,
      1,
      1,
      ""•""
    ],
    [
      1,
      1,
      1,
      ""•"",
      1,
      1,
      1,
      ""X""
    ],
    [
      1,
      1,
      1,
      ""Swap"",
      1,
      1,
      1,
      ""Swap""
    ],
    [
      1,
      1,
      1,
      ""H"",
      1,
      ""•""
    ],
    [
      1,
      1,
      ""H"",
      ""•""
    ],
    [
      1,
      1,
      1,
      1,
      1,
      ""•"",
      ""•"",
      ""X""
    ]
  ]
}","-- / 0",""
"2024/05/21 2:03:34 p. m. EEST","5.00 / 8","bari002","-- / 0","","3.1250","1.00 / 1","","0","0.00 / 1","","0","0.00 / 1","","0","1.00 / 1","","0","1.00 / 1","","0","0.00 / 1","","0","1.00 / 1","","0","1.00 / 1","","https://algassert.com/quirk#circuit=%7B%22cols%22%3A%5B%5B1%2C1%2C1%2C%22H%22%2C1%2C1%2C%22H%22%2C1%2C%22H%22%2C%22H%22%2C1%2C1%2C%22H%22%5D%2C%5B1%2C1%2C1%2C%22H%22%2C1%2C1%2C1%2C%22%E2%80%A2%22%5D%2C%5B1%2C1%2C1%2C1%2C1%2C1%2C1%2C1%2C1%2C1%2C%22%E2%80%A2%22%2C%22%E2%80%A2%22%2C%22X%22%5D%2C%5B%22X%22%2C1%2C1%2C%22%E2%80%A2%22%2C%22%E2%80%A2%22%5D%2C%5B1%2C%22%E2%80%A2%22%2C1%2C%22%E2%80%A2%22%2C1%2C1%2C%22X%22%5D%2C%5B%22%E2%80%A2%22%2C1%2C1%2C%22%E2%80%A2%22%2C1%2C1%2C1%2C%22X%22%5D%2C%5B1%2C%22%E2%80%A2%22%2C1%2C%22Z%5E%C2%BD%22%5D%2C%5B1%2C1%2C1%2C%22Z%22%2C1%2C1%2C1%2C%22%E2%80%A2%22%5D%2C%5B1%2C1%2C%22%E2%80%A2%22%2C1%2C1%2C1%2C%22X%22%5D%2C%5B1%2C1%2C1%2C%22Swap%22%2C1%2C1%2C1%2C%22Swap%22%5D%2C%5B1%2C1%2C1%2C%22H%22%2C1%2C%22%E2%80%A2%22%5D%2C%5B1%2C1%2C%22H%22%2C%22%E2%80%A2%22%5D%2C%5B1%2C1%2C1%2C1%2C1%2C%22%E2%80%A2%22%2C%22%E2%80%A2%22%2C%22X%22%5D%5D%7D","-- / 0",""
"2024/06/12 11:04:53 a. m. EEST","8.00 / 8","QServ014","-- / 0","","3.125","1.00 / 1","","1.5625","1.00 / 1","","1.5625","1.00 / 1","","0.0","1.00 / 1","","0.0","1.00 / 1","","1.5625","1.00 / 1","","0.0","1.00 / 1","","0.0","1.00 / 1","","https://algassert.com/quirk#circuit=%7B%22cols%22%3A%5B%5B1%2C1%2C1%2C%22H%22%2C1%2C1%2C%22H%22%2C1%2C%22H%22%2C%22H%22%2C1%2C1%2C%22H%22%5D%2C%5B1%2C1%2C1%2C%22H%22%2C1%2C1%2C1%2C%22%E2%80%A2%22%5D%2C%5B1%2C1%2C1%2C1%2C1%2C1%2C1%2C1%2C1%2C1%2C%22%E2%80%A2%22%2C%22%E2%80%A2%22%2C%22X%22%5D%2C%5B%22X%22%2C1%2C1%2C%22%E2%80%A2%22%2C%22%E2%80%A2%22%5D%2C%5B1%2C%22%E2%80%A2%22%2C1%2C%22%E2%80%A2%22%2C1%2C1%2C%22X%22%5D%2C%5B%22%E2%80%A2%22%2C1%2C1%2C%22%E2%80%A2%22%2C1%2C1%2C1%2C%22X%22%5D%2C%5B1%2C%22%E2%80%A2%22%2C1%2C%22Z%5E%C2%BD%22%5D%2C%5B1%2C1%2C1%2C%22Z%22%2C1%2C1%2C1%2C%22%E2%80%A2%22%5D%2C%5B1%2C1%2C1%2C%22%E2%80%A2%22%2C1%2C1%2C1%2C%22X%22%5D%2C%5B1%2C1%2C1%2C%22Swap%22%2C1%2C1%2C1%2C%22Swap%22%5D%2C%5B1%2C1%2C1%2C%22H%22%2C1%2C%22%E2%80%A2%22%5D%2C%5B1%2C1%2C%22H%22%2C%22%E2%80%A2%22%5D%2C%5B1%2C1%2C1%2C1%2C1%2C%22%E2%80%A2%22%2C%22%E2%80%A2%22%2C%22X%22%5D%2C%5B1%2C1%2C%22Measure%22%2C%22Measure%22%2C1%2C1%2C1%2C%22Measure%22%2C%22Measure%22%2C%22Measure%22%2C1%2C1%2C%22Measure%22%5D%5D%7D","-- / 0",""
"2024/06/12 11:12:19 a. m. EEST","8.00 / 8","QServ015","-- / 0","","3.125","1.00 / 1","","1.5625","1.00 / 1","","1.5625","1.00 / 1","","0","1.00 / 1","","0","1.00 / 1","","1.5625","1.00 / 1","","0","1.00 / 1","","0","1.00 / 1","","https://algassert.com/quirk#circuit=%7B%22cols%22%3A%5B%5B1%2C1%2C1%2C%22H%22%2C1%2C1%2C%22H%22%2C1%2C%22H%22%2C%22H%22%2C1%2C1%2C%22H%22%5D%2C%5B1%2C1%2C1%2C%22H%22%2C1%2C1%2C1%2C%22%E2%80%A2%22%5D%2C%5B1%2C1%2C1%2C1%2C1%2C1%2C1%2C1%2C1%2C1%2C%22%E2%80%A2%22%2C%22%E2%80%A2%22%2C%22X%22%5D%2C%5B%22X%22%2C1%2C1%2C%22%E2%80%A2%22%2C%22%E2%80%A2%22%5D%2C%5B1%2C%22%E2%80%A2%22%2C1%2C%22%E2%80%A2%22%2C1%2C1%2C%22X%22%5D%2C%5B%22%E2%80%A2%22%2C1%2C1%2C%22%E2%80%A2%22%2C1%2C1%2C1%2C%22X%22%5D%2C%5B1%2C%22%E2%80%A2%22%2C1%2C%22Z%5E%C2%BD%22%5D%2C%5B1%2C1%2C1%2C%22Z%22%2C1%2C1%2C1%2C%22%E2%80%A2%22%5D%2C%5B1%2C1%2C1%2C%22%E2%80%A2%22%2C1%2C1%2C1%2C%22X%22%5D%2C%5B1%2C1%2C1%2C%22Swap%22%2C1%2C1%2C1%2C%22Swap%22%5D%2C%5B1%2C1%2C1%2C%22H%22%2C1%2C%22%E2%80%A2%22%5D%2C%5B1%2C1%2C%22H%22%2C%22%E2%80%A2%22%5D%2C%5B1%2C1%2C1%2C1%2C1%2C%22%E2%80%A2%22%2C%22%E2%80%A2%22%2C%22X%22%5D%2C%5B1%2C1%2C%22Measure%22%2C%22Measure%22%2C1%2C1%2C1%2C%22Measure%22%2C%22Measure%22%2C%22Measure%22%2C1%2C1%2C%22Measure%22%5D%5D%7D","-- / 0",""
"2024/06/12 11:14:27 a. m. EEST","8.00 / 8","QServ016","-- / 0","","3.125","1.00 / 1","","1.5625","1.00 / 1","","1.5625","1.00 / 1","","0","1.00 / 1","","0","1.00 / 1","","1.5625","1.00 / 1","","0","1.00 / 1","","0","1.00 / 1","","https://algassert.com/quirk#circuit=%7B%22cols%22%3A%5B%5B1%2C1%2C1%2C%22H%22%2C1%2C1%2C%22H%22%2C1%2C%22H%22%2C%22H%22%2C1%2C1%2C%22H%22%5D%2C%5B1%2C1%2C1%2C%22H%22%2C1%2C1%2C1%2C%22%E2%80%A2%22%5D%2C%5B1%2C1%2C1%2C1%2C1%2C1%2C1%2C1%2C1%2C1%2C%22%E2%80%A2%22%2C%22%E2%80%A2%22%2C%22X%22%5D%2C%5B%22X%22%2C1%2C1%2C%22%E2%80%A2%22%2C%22%E2%80%A2%22%5D%2C%5B1%2C%22%E2%80%A2%22%2C1%2C%22%E2%80%A2%22%2C1%2C1%2C%22X%22%5D%2C%5B%22%E2%80%A2%22%2C1%2C1%2C%22%E2%80%A2%22%2C1%2C1%2C1%2C%22X%22%5D%2C%5B1%2C%22%E2%80%A2%22%2C1%2C%22Z%5E%C2%BD%22%5D%2C%5B1%2C1%2C1%2C%22Z%22%2C1%2C1%2C%22%E2%80%A2%22%5D%2C%5B1%2C1%2C1%2C%22%E2%80%A2%22%2C1%2C1%2C1%2C%22X%22%5D%2C%5B1%2C1%2C1%2C%22Swap%22%2C1%2C1%2C1%2C%22Swap%22%5D%2C%5B1%2C1%2C1%2C%22H%22%2C1%2C%22%E2%80%A2%22%5D%2C%5B1%2C1%2C%22H%22%2C%22%E2%80%A2%22%5D%2C%5B1%2C1%2C1%2C1%2C1%2C%22%E2%80%A2%22%2C%22%E2%80%A2%22%2C%22X%22%5D%2C%5B1%2C1%2C%22Measure%22%2C%22Measure%22%2C1%2C1%2C1%2C%22Measure%22%2C%22Measure%22%2C%22Measure%22%2C1%2C1%2C%22Measure%22%5D%5D%7D","-- / 0",""
"2024/06/12 11:16:04 a. m. EEST","8.00 / 8","QServ002","-- / 0","","3.125","1.00 / 1","","1.5625","1.00 / 1","","1.5625","1.00 / 1","","0","1.00 / 1","","0","1.00 / 1","","1.5625","1.00 / 1","","0","1.00 / 1","","0","1.00 / 1","","https://algassert.com/quirk#circuit=%7B%22cols%22%3A%5B%5B1%2C1%2C1%2C%22H%22%2C1%2C1%2C%22H%22%2C1%2C%22H%22%2C%22H%22%2C1%2C1%2C%22H%22%5D%2C%5B1%2C1%2C1%2C%22H%22%2C1%2C1%2C1%2C%22%E2%80%A2%22%5D%2C%5B1%2C1%2C1%2C1%2C1%2C1%2C1%2C1%2C1%2C1%2C%22%E2%80%A2%22%2C%22%E2%80%A2%22%2C%22X%22%5D%2C%5B%22X%22%2C1%2C1%2C%22%E2%80%A2%22%2C%22%E2%80%A2%22%5D%2C%5B1%2C%22%E2%80%A2%22%2C1%2C%22%E2%80%A2%22%2C1%2C1%2C%22X%22%5D%2C%5B1%2C%22%E2%80%A2%22%2C1%2C%22Z%5E%C2%BD%22%5D%2C%5B1%2C1%2C1%2C%22Z%22%2C1%2C1%2C1%2C%22%E2%80%A2%22%5D%2C%5B1%2C1%2C1%2C%22%E2%80%A2%22%2C1%2C1%2C1%2C%22X%22%5D%2C%5B1%2C1%2C1%2C%22H%22%2C1%2C%22%E2%80%A2%22%5D%2C%5B1%2C1%2C%22H%22%2C%22%E2%80%A2%22%5D%2C%5B1%2C1%2C1%2C1%2C1%2C%22%E2%80%A2%22%2C%22%E2%80%A2%22%2C%22X%22%5D%2C%5B1%2C1%2C1%2C%22Measure%22%5D%2C%5B1%2C1%2C%22Measure%22%5D%2C%5B1%2C1%2C1%2C1%2C1%2C1%2C1%2C%22Measure%22%5D%2C%5B1%2C1%2C1%2C1%2C1%2C1%2C1%2C1%2C%22Measure%22%5D%2C%5B1%2C1%2C1%2C1%2C1%2C1%2C1%2C1%2C1%2C%22Measure%22%5D%2C%5B1%2C1%2C1%2C1%2C1%2C1%2C1%2C1%2C1%2C1%2C1%2C1%2C%22Measure%22%5D%5D%7D","-- / 0",""
"2024/06/12 11:16:31 a. m. EEST","8.00 / 8","QServ021","-- / 0","","3.125","1.00 / 1","","1.5625","1.00 / 1","","1.5625","1.00 / 1","","0","1.00 / 1","","0","1.00 / 1","","1.5625","1.00 / 1","","0","1.00 / 1","","0","1.00 / 1","","https://algassert.com/quirk#circuit=%7B%22cols%22%3A%5B%5B1%2C1%2C1%2C%22H%22%2C1%2C1%2C%22H%22%2C1%2C%22H%22%2C%22H%22%2C1%2C1%2C%22H%22%5D%2C%5B1%2C1%2C1%2C%22H%22%2C1%2C1%2C1%2C%22%E2%80%A2%22%5D%2C%5B1%2C1%2C1%2C1%2C1%2C1%2C1%2C1%2C1%2C1%2C%22%E2%80%A2%22%2C%22%E2%80%A2%22%2C%22X%22%5D%2C%5B%22X%22%2C1%2C1%2C%22%E2%80%A2%22%2C%22%E2%80%A2%22%5D%2C%5B1%2C%22%E2%80%A2%22%2C1%2C%22%E2%80%A2%22%2C1%2C1%2C%22X%22%5D%2C%5B%22%E2%80%A2%22%2C1%2C1%2C%22%E2%80%A2%22%2C1%2C1%2C1%2C%22X%22%5D%2C%5B1%2C%22%E2%80%A2%22%2C1%2C%22Z%5E%C2%BD%22%5D%2C%5B1%2C1%2C1%2C%22Z%22%2C1%2C1%2C1%2C%22%E2%80%A2%22%5D%2C%5B1%2C1%2C1%2C%22%E2%80%A2%22%2C1%2C1%2C1%2C%22X%22%5D%2C%5B1%2C1%2C1%2C%22Swap%22%2C1%2C1%2C1%2C%22Swap%22%5D%2C%5B1%2C1%2C1%2C%22H%22%2C1%2C%22%E2%80%A2%22%5D%2C%5B1%2C1%2C%22H%22%2C%22%E2%80%A2%22%5D%2C%5B1%2C1%2C1%2C1%2C1%2C%22%E2%80%A2%22%2C%22%E2%80%A2%22%2C%22X%22%5D%5D%7D","-- / 0",""
"2024/06/12 11:16:36 a. m. EEST","4.00 / 8","QServ001","-- / 0","","6.25","0.00 / 1","","3.125","0.00 / 1","","0.0","0.00 / 1","","0.0","1.00 / 1","","0.0","1.00 / 1","","3.1250","0.00 / 1","","0.0","1.00 / 1","","0.0","1.00 / 1","","https://algassert.com/quirk#circuit=%7B%22cols%22%3A%5B%5B1%2C1%2C1%2C%22H%22%2C1%2C1%2C%22H%22%2C1%2C%22H%22%2C1%2C1%2C1%2C%22H%22%5D%2C%5B1%2C1%2C1%2C%22H%22%2C1%2C1%2C1%2C%22%E2%80%A2%22%5D%2C%5B1%2C1%2C1%2C1%2C1%2C1%2C1%2C1%2C1%2C1%2C%22%E2%80%A2%22%2C%22%E2%80%A2%22%2C%22X%22%5D%2C%5B%22X%22%2C1%2C1%2C%22%E2%80%A2%22%2C%22%E2%80%A2%22%5D%2C%5B1%2C%22%E2%80%A2%22%2C1%2C%22%E2%80%A2%22%2C1%2C1%2C%22X%22%5D%2C%5B%22%E2%80%A2%22%2C1%2C1%2C%22%E2%80%A2%22%2C1%2C1%2C1%2C%22X%22%5D%2C%5B1%2C%22%E2%80%A2%22%2C1%2C%22Z%5E%C2%BD%22%5D%2C%5B1%2C1%2C1%2C%22Z%22%2C1%2C1%2C1%2C%22%E2%80%A2%22%5D%2C%5B1%2C1%2C1%2C%22%E2%80%A2%22%2C1%2C1%2C1%2C%22X%22%5D%2C%5B1%2C1%2C1%2C%22Swap%22%2C1%2C1%2C1%2C%22Swap%22%5D%2C%5B1%2C1%2C1%2C%22H%22%2C1%2C%22%E2%80%A2%22%5D%2C%5B1%2C1%2C%22H%22%2C%22%E2%80%A2%22%5D%2C%5B1%2C1%2C1%2C1%2C1%2C%22%E2%80%A2%22%2C%22%E2%80%A2%22%2C%22X%22%5D%2C%5B1%2C1%2C%22Measure%22%2C%22Measure%22%2C1%2C1%2C1%2C%22Measure%22%2C%22Measure%22%2C%22Measure%22%2C1%2C1%2C%22Measure%22%5D%5D%7D","-- / 0",""
"2024/06/12 11:24:57 a. m. EEST","8.00 / 8","QServ019","-- / 0","","3.1250","1.00 / 1","","1.5625","1.00 / 1","","1.5625","1.00 / 1","","0","1.00 / 1","","0","1.00 / 1","","1.5625","1.00 / 1","","0","1.00 / 1","","0","1.00 / 1","","https://algassert.com/quirk#circuit=%7B%22cols%22%3A%5B%5B1%2C1%2C1%2C%22H%22%2C1%2C1%2C%22H%22%2C1%2C%22H%22%2C%22H%22%2C1%2C1%2C%22H%22%5D%2C%5B1%2C1%2C1%2C%22H%22%2C1%2C1%2C1%2C%22%E2%80%A2%22%5D%2C%5B1%2C1%2C1%2C1%2C1%2C1%2C1%2C1%2C1%2C1%2C%22%E2%80%A2%22%2C%22%E2%80%A2%22%2C%22X%22%5D%2C%5B%22X%22%2C1%2C1%2C%22%E2%80%A2%22%2C%22%E2%80%A2%22%5D%2C%5B1%2C%22%E2%80%A2%22%2C1%2C%22%E2%80%A2%22%2C1%2C1%2C%22X%22%5D%2C%5B%22%E2%80%A2%22%2C1%2C1%2C%22%E2%80%A2%22%2C1%2C1%2C1%2C%22X%22%5D%2C%5B1%2C%22%E2%80%A2%22%2C1%2C%22Z%5E%C2%BD%22%5D%2C%5B1%2C1%2C1%2C%22Z%22%2C1%2C1%2C1%2C%22%E2%80%A2%22%5D%2C%5B1%2C1%2C1%2C%22%E2%80%A2%22%2C1%2C1%2C1%2C%22X%22%5D%2C%5B1%2C1%2C1%2C%22Swap%22%2C1%2C1%2C1%2C%22Swap%22%5D%2C%5B1%2C1%2C1%2C%22H%22%2C1%2C%22%E2%80%A2%22%5D%2C%5B1%2C1%2C%22H%22%2C%22%E2%80%A2%22%5D%2C%5B1%2C1%2C1%2C1%2C1%2C%22%E2%80%A2%22%2C%22%E2%80%A2%22%2C%22X%22%5D%2C%5B1%2C1%2C%22Measure%22%2C%22Measure%22%2C1%2C1%2C1%2C%22Measure%22%2C%22Measure%22%2C%22Measure%22%2C1%2C1%2C%22Measure%22%5D%5D%7D","-- / 0",""
"2024/06/12 11:29:33 a. m. EEST","8.00 / 8","QServ013","-- / 0","","3.125","1.00 / 1","","1.5625","1.00 / 1","","1.5625","1.00 / 1","","0","1.00 / 1","","0","1.00 / 1","","1.5625","1.00 / 1","","0","1.00 / 1","","0","1.00 / 1","","https://algassert.com/quirk#circuit=%7B%22cols%22%3A%5B%5B1%2C1%2C1%2C%22H%22%2C1%2C1%2C%22H%22%2C1%2C%22H%22%2C%22H%22%2C1%2C1%2C%22H%22%5D%2C%5B1%2C1%2C1%2C%22H%22%2C1%2C1%2C1%2C%22%E2%80%A2%22%5D%2C%5B1%2C1%2C1%2C1%2C1%2C1%2C1%2C1%2C1%2C1%2C%22%E2%80%A2%22%2C%22%E2%80%A2%22%2C%22X%22%5D%2C%5B%22X%22%2C1%2C1%2C%22%E2%80%A2%22%2C%22%E2%80%A2%22%5D%2C%5B1%2C%22%E2%80%A2%22%2C1%2C%22%E2%80%A2%22%2C1%2C1%2C%22X%22%5D%2C%5B%22%E2%80%A2%22%2C1%2C1%2C%22%E2%80%A2%22%2C1%2C1%2C1%2C%22X%22%5D%2C%5B1%2C%22%E2%80%A2%22%2C1%2C%22Z%5E%C2%BD%22%5D%2C%5B1%2C1%2C1%2C%22Z%22%2C1%2C1%2C1%2C%22%E2%80%A2%22%5D%2C%5B1%2C1%2C1%2C%22%E2%80%A2%22%2C1%2C1%2C1%2C%22X%22%5D%2C%5B1%2C1%2C1%2C%22Swap%22%2C1%2C1%2C1%2C%22Swap%22%5D%2C%5B1%2C1%2C1%2C%22H%22%2C1%2C%22%E2%80%A2%22%5D%2C%5B1%2C1%2C%22H%22%2C%22%E2%80%A2%22%5D%2C%5B1%2C1%2C1%2C1%2C1%2C%22%E2%80%A2%22%2C%22%E2%80%A2%22%2C%22X%22%5D%5D%7D","-- / 0",""
"2024/06/12 11:31:29 a. m. EEST","8.00 / 8","QServ009","-- / 0","","3.1250","1.00 / 1","","1.5625","1.00 / 1","","1.5625","1.00 / 1","","0","1.00 / 1","","0","1.00 / 1","","1.5625","1.00 / 1","","0","1.00 / 1","","0","1.00 / 1","","https://algassert.com/quirk#circuit=%7B%22cols%22%3A%5B%5B%22%E2%80%A6%22%2C%22%E2%80%A6%22%2C%22%E2%80%A6%22%2C%22%E2%80%A6%22%2C%22%E2%80%A6%22%2C%22%E2%80%A6%22%2C%22%E2%80%A6%22%2C%22%E2%80%A6%22%2C%22%E2%80%A6%22%2C%22%E2%80%A6%22%2C%22%E2%80%A6%22%2C%22%E2%80%A6%22%2C%22%E2%80%A6%22%5D%2C%5B1%2C1%2C1%2C%22H%22%2C1%2C1%2C%22H%22%2C1%2C%22H%22%2C%22H%22%2C1%2C1%2C%22H%22%5D%2C%5B1%2C1%2C1%2C%22H%22%2C1%2C1%2C1%2C%22%E2%80%A2%22%5D%2C%5B1%2C1%2C1%2C1%2C1%2C1%2C1%2C1%2C1%2C1%2C%22%E2%80%A2%22%2C%22%E2%80%A2%22%2C%22X%22%5D%2C%5B%22X%22%2C1%2C1%2C%22%E2%80%A2%22%2C%22%E2%80%A2%22%5D%2C%5B1%2C%22%E2%80%A2%22%2C1%2C%22%E2%80%A2%22%2C1%2C1%2C%22X%22%5D%2C%5B%22%E2%80%A2%22%2C1%2C1%2C%22%E2%80%A2%22%2C1%2C1%2C1%2C%22X%22%5D%2C%5B1%2C%22%E2%80%A2%22%2C1%2C%22Z%5E%C2%BD%22%5D%2C%5B1%2C1%2C1%2C%22Z%22%2C1%2C1%2C1%2C%22%E2%80%A2%22%5D%2C%5B1%2C1%2C1%2C%22%E2%80%A2%22%2C1%2C1%2C1%2C%22X%22%5D%2C%5B1%2C1%2C1%2C%22Swap%22%2C1%2C1%2C1%2C%22Swap%22%5D%2C%5B1%2C1%2C1%2C%22H%22%2C1%2C%22%E2%80%A2%22%5D%2C%5B1%2C1%2C%22H%22%2C%22%E2%80%A2%22%5D%2C%5B1%2C1%2C1%2C1%2C1%2C%22%E2%80%A2%22%2C%22%E2%80%A2%22%2C%22X%22%5D%5D%7D","-- / 0",""
"2024/06/12 11:39:47 a. m. EEST","8.00 / 8","QServ007","-- / 0","","3.125","1.00 / 1","","1.5625","1.00 / 1","","1.5625","1.00 / 1","","0","1.00 / 1","","0","1.00 / 1","","1.5625","1.00 / 1","","0","1.00 / 1","","0","1.00 / 1","","https://algassert.com/quirk#circuit={%22cols%22:[[1,1,1,%22H%22,1,1,%22H%22,1,%22H%22,%22H%22,1,1,%22H%22],[1,1,1,%22H%22,1,1,1,%22%E2%80%A2%22],[1,1,1,1,1,1,1,1,1,1,%22%E2%80%A2%22,%22%E2%80%A2%22,%22X%22],[%22X%22,1,1,%22%E2%80%A2%22,%22%E2%80%A2%22],[1,%22%E2%80%A2%22,1,%22%E2%80%A2%22,1,1,%22X%22],[%22%E2%80%A2%22,1,1,%22%E2%80%A2%22,1,1,1,%22X%22],[1,%22%E2%80%A2%22,1,%22Z^%C2%BD%22],[1,1,1,%22Z%22,1,1,1,%22%E2%80%A2%22],[1,1,1,%22%E2%80%A2%22,1,1,1,%22X%22],[1,1,1,%22Swap%22,1,1,1,%22Swap%22],[1,1,1,%22H%22,1,%22%E2%80%A2%22],[1,1,%22H%22,%22%E2%80%A2%22],[1,1,1,1,1,%22%E2%80%A2%22,%22%E2%80%A2%22,%22X%22],[1,1,%22Measure%22,%22Measure%22,1,1,1,%22Measure%22,%22Measure%22,%22Measure%22,1,1,%22Measure%22]]}","-- / 0",""
"2024/06/12 11:40:08 a. m. EEST","8.00 / 8","QServ012","-- / 0","","3.125","1.00 / 1","","1.5625","1.00 / 1","","1.5625","1.00 / 1","","0","1.00 / 1","","0","1.00 / 1","","1.5625","1.00 / 1","","0","1.00 / 1","","0","1.00 / 1","","https://algassert.com/quirk#circuit=%7B%22cols%22%3A%5B%5B1%2C1%2C1%2C%22H%22%2C1%2C1%2C%22H%22%2C1%2C%22H%22%2C%22H%22%2C1%2C1%2C%22H%22%5D%2C%5B1%2C1%2C1%2C%22H%22%2C1%2C1%2C1%2C%22%E2%80%A2%22%5D%2C%5B1%2C1%2C1%2C1%2C1%2C1%2C1%2C1%2C1%2C1%2C%22%E2%80%A2%22%2C%22%E2%80%A2%22%2C%22X%22%5D%2C%5B%22X%22%2C1%2C1%2C%22%E2%80%A2%22%2C%22%E2%80%A2%22%5D%2C%5B1%2C%22%E2%80%A2%22%2C1%2C%22%E2%80%A2%22%2C1%2C1%2C%22X%22%5D%2C%5B%22%E2%80%A2%22%2C1%2C1%2C%22%E2%80%A2%22%2C1%2C1%2C1%2C%22X%22%5D%2C%5B1%2C%22%E2%80%A2%22%2C1%2C%22Z%5E%C2%BD%22%5D%2C%5B1%2C1%2C1%2C%22Z%22%2C1%2C1%2C1%2C%22%E2%80%A2%22%5D%2C%5B1%2C1%2C1%2C%22%E2%80%A2%22%2C1%2C1%2C1%2C%22X%22%5D%2C%5B1%2C1%2C1%2C%22Swap%22%2C1%2C1%2C1%2C%22Swap%22%5D%2C%5B1%2C1%2C1%2C%22H%22%2C1%2C%22%E2%80%A2%22%5D%2C%5B1%2C1%2C%22H%22%2C%22%E2%80%A2%22%5D%2C%5B1%2C1%2C1%2C1%2C1%2C%22%E2%80%A2%22%2C%22%E2%80%A2%22%2C%22X%22%5D%5D%7D","-- / 0",""
"2024/06/12 11:42:53 a. m. EEST","5.00 / 8","QServ018","-- / 0","","3.12","1.00 / 1","","0","0.00 / 1","","0","-- / 1","","0","1.00 / 1","","0","1.00 / 1","","0","0.00 / 1","","0","1.00 / 1","","0","1.00 / 1","","https://algassert.com/quirk#circuit=%7B%22cols%22%3A%5B%5B1%2C1%2C1%2C%22H%22%2C1%2C1%2C%22H%22%2C1%2C%22H%22%2C1%2C%22H%22%2C1%2C1%2C%22H%22%5D%2C%5B1%2C1%2C1%2C%22%E2%80%A2%22%2C1%2C1%2C1%2C%22H%22%5D%2C%5B1%2C1%2C1%2C1%2C1%2C1%2C1%2C1%2C1%2C1%2C1%2C%22%E2%80%A2%22%2C%22%E2%80%A2%22%2C%22H%22%5D%2C%5B%22X%22%2C1%2C1%2C%22%E2%80%A2%22%2C%22%E2%80%A2%22%5D%2C%5B1%2C1%2C1%2C%22%E2%80%A2%22%2C%22%E2%80%A2%22%2C1%2C%22X%22%5D%2C%5B%22%E2%80%A2%22%2C1%2C1%2C%22%E2%80%A2%22%2C1%2C1%2C1%2C%22X%22%5D%2C%5B1%2C%22Z%5E%C2%BD%22%2C1%2C%22%E2%80%A2%22%5D%2C%5B1%2C1%2C1%2C%22%E2%80%A2%22%2C1%2C1%2C1%2C%22Z%22%5D%2C%5B1%2C1%2C1%2C%22X%22%2C1%2C1%2C1%2C%22%E2%80%A2%22%5D%2C%5B1%2C1%2C1%2C%22Swap%22%2C1%2C1%2C1%2C%22Swap%22%5D%2C%5B1%2C1%2C1%2C%22%E2%80%A2%22%2C1%2C%22H%22%5D%2C%5B1%2C1%2C%22%E2%80%A2%22%2C%22H%22%5D%2C%5B1%2C1%2C1%2C1%2C1%2C%22%E2%80%A2%22%2C%22%E2%80%A2%22%2C%22X%22%5D%2C%5B1%2C1%2C%22Measure%22%2C%22Measure%22%2C1%2C1%2C1%2C%22Measure%22%2C%22Measure%22%2C%22Measure%22%2C1%2C1%2C1%2C%22Measure%22%5D%5D%7D","-- / 0",""
"2024/06/12 11:44:16 a. m. EEST","8.00 / 8","QServ010","-- / 0","","3.125","1.00 / 1","","1.5625","1.00 / 1","","1.5625","1.00 / 1","","0","1.00 / 1","","0","1.00 / 1","","1.5625","1.00 / 1","","0","1.00 / 1","","0","1.00 / 1","","https://algassert.com/quirk#circuit=%7B%22cols%22%3A%5B%5B1%2C1%2C1%2C%22H%22%2C1%2C1%2C%22H%22%2C1%2C%22H%22%2C%22H%22%2C1%2C1%2C%22H%22%5D%2C%5B1%2C1%2C1%2C%22H%22%2C1%2C1%2C1%2C%22%E2%80%A2%22%5D%2C%5B1%2C1%2C1%2C1%2C1%2C1%2C1%2C1%2C1%2C1%2C%22%E2%80%A2%22%2C%22%E2%80%A2%22%2C%22X%22%5D%2C%5B%22X%22%2C1%2C1%2C%22%E2%80%A2%22%2C%22%E2%80%A2%22%5D%2C%5B1%2C%22%E2%80%A2%22%2C1%2C%22%E2%80%A2%22%2C1%2C1%2C%22X%22%5D%2C%5B%22%E2%80%A2%22%2C1%2C1%2C%22%E2%80%A2%22%2C1%2C1%2C1%2C%22X%22%5D%2C%5B1%2C%22%E2%80%A2%22%2C1%2C%22Z%5E%C2%BD%22%5D%2C%5B1%2C1%2C1%2C%22Z%22%2C1%2C1%2C1%2C%22%E2%80%A2%22%5D%2C%5B1%2C1%2C1%2C%22%E2%80%A2%22%2C1%2C1%2C1%2C%22X%22%5D%2C%5B1%2C1%2C1%2C%22Swap%22%2C1%2C1%2C1%2C%22Swap%22%5D%2C%5B1%2C1%2C1%2C%22H%22%2C1%2C%22%E2%80%A2%22%5D%2C%5B1%2C1%2C%22H%22%2C%22%E2%80%A2%22%5D%2C%5B1%2C1%2C1%2C1%2C1%2C%22%E2%80%A2%22%2C%22%E2%80%A2%22%2C%22X%22%5D%5D%7D","-- / 0",""
"2024/06/12 12:04:31 p. m. EEST","8.00 / 8","QServ020","-- / 0","","3.125","1.00 / 1","","1.56","1.00 / 1","","1.56","1.00 / 1","","0","1.00 / 1","","0","1.00 / 1","","1.56","1.00 / 1","","0","1.00 / 1","","0","1.00 / 1","","https://algassert.com/quirk#circuit={%22cols%22:[[1,1,1,%22H%22,1,1,%22H%22,1,%22H%22,%22H%22,1,1,%22H%22],[1,1,1,%22%E2%80%A2%22,1,1,1,%22Z%22],[1,1,1,%22%E2%80%A2%22,1,1,1,%22X%22],[1,1,1,%22Swap%22,1,1,1,%22Swap%22],[1,1,1,1,1,%22%E2%80%A2%22,%22%E2%80%A2%22,%22X%22],[1,1,1,%22H%22,1,%22%E2%80%A2%22],[1,1,%22H%22,%22%E2%80%A2%22],[1,1,%22Measure%22,%22Measure%22,1,1,1,%22Measure%22,%22Measure%22,%22Measure%22,1,1,%22Measure%22]]}","-- / 0",""
"2024/06/12 1:29:04 p. m. EEST","4.00 / 8","QServ008","-- / 0","","0.0","0.00 / 1","","0.0","0.00 / 1","","0.0","0.00 / 1","","0.0","1.00 / 1","","0.0","1.00 / 1","","0.0","0.00 / 1","","0.0","1.00 / 1","","0.0","1.00 / 1","","https://algassert.com/quirk#circuit=%7B%22cols%22%3A%5B%5B1%2C1%2C1%2C%22H%22%2C1%2C1%2C1%2C1%2C%22H%22%2C1%2C1%2C1%2C%22H%22%5D%2C%5B1%2C1%2C1%2C1%2C1%2C1%2C%22H%22%5D%2C%5B1%2C1%2C1%2C1%2C1%2C1%2C1%2C1%2C%22H%22%5D%2C%5B1%2C1%2C1%2C%22H%22%5D%2C%5B1%2C1%2C1%2C1%2C1%2C1%2C%22%E2%80%A2%22%2C%22H%22%5D%2C%5B1%2C1%2C1%2C1%2C1%2C1%2C1%2C1%2C1%2C%22%E2%80%A2%22%2C%22%E2%80%A2%22%2C%22X%22%5D%2C%5B1%2C1%2C1%2C%22%E2%80%A2%22%2C%22%E2%80%A2%22%2C1%2C1%2C1%2C1%2C1%2C1%2C1%2C%22X%22%5D%2C%5B1%2C1%2C1%2C%22%E2%80%A2%22%2C1%2C1%2C%22%E2%80%A2%22%2C1%2C1%2C1%2C1%2C1%2C%22X%22%5D%2C%5B1%2C1%2C1%2C1%2C%22%E2%80%A2%22%2C1%2C1%2C%22X%22%5D%2C%5B1%2C1%2C1%2C%22Z%5E%C2%BD%22%2C1%2C1%2C1%2C1%2C1%2C1%2C%22%E2%80%A2%22%5D%2C%5B1%2C1%2C1%2C%22Z%22%2C1%2C1%2C1%2C%22%E2%80%A2%22%5D%2C%5B1%2C1%2C1%2C%22X%22%5D%2C%5B1%2C1%2C1%2C%22Swap%22%2C1%2C1%2C1%2C%22Swap%22%5D%2C%5B1%2C1%2C1%2C%22H%22%2C1%2C%22%E2%80%A2%22%5D%2C%5B1%2C1%2C%22H%22%2C%22%E2%80%A2%22%5D%2C%5B1%2C1%2C1%2C1%2C1%2C1%2C%22%E2%80%A2%22%2C%22%E2%80%A2%22%2C1%2C1%2C1%2C1%2C%22X%22%5D%2C%5B1%2C1%2C1%2C%22Measure%22%5D%2C%5B1%2C1%2C%22Measure%22%5D%2C%5B1%2C1%2C1%2C1%2C1%2C1%2C1%2C%22Measure%22%5D%2C%5B1%2C1%2C1%2C1%2C1%2C1%2C1%2C1%2C%22Measure%22%5D%2C%5B1%2C1%2C1%2C1%2C1%2C1%2C1%2C1%2C1%2C%22Measure%22%5D%2C%5B1%2C1%2C1%2C1%2C1%2C1%2C1%2C1%2C1%2C1%2C1%2C1%2C%22Measure%22%5D%5D%7D","-- / 0",""